Workbook
Name daygrid: H+모니터링!z*7
Name daygrid: H+[0]!z*7
Name daypattern: {1,1,2,2,3,3,4,4,5,5,6,6,7}
Name daypattern: {1,1,2,2,3,3,4,4,5,5,6,6,7}
Name days: {0,1,2,3,4,5,6}
Name days: {0,1,2,3,4,5,6}
Name months: {"1월","2월","3월","4월","5월","6월","7월","8월","9월","10월","11월","12월"}
Name months: {"1월","2월","3월","4월","5월","6월","7월","8월","9월","10월","11월","12월"}
Name weeks: {0;1;2;3;4;5;6}
Name weeks: {0;1;2;3;4;5;6}
Name z: {0;1;2;3;4;5;6}
Name z: {0;1;2;3;4;5;6}
Name ㅋㅋㅋ: #N/A

Sheet 위험 알림
B2: 이지+천지 재고일수 45일 이하(위험)
A4: 자재코드 | B4: 자재내역 | C4: 3평판 | D4: SF | E4: 판매율(평판)% | F4: 판매율(SF)% | G4: 5000 | H4: 6090 | I4: 총재고 | J4: 이지+천지재고 | K4: 4월순매출수량 | L4: 재고대응률 | M4: 일평균소진 | N4: 이지+천지재고일수 | O4: 총재고일수 | P4: 품절예상일 | Q4: 위험도(일평균소진) | R4: 위험도(엑셀관리)
A5: 1000940 | B5: [원료]DW-EGFLiposol(EGF-나노리포좀)250ppm 1g | C5: 0 | D5: 0 | E5: 0 | F5: 0 | G5: 117800 | H5: 0 | I5: 584810.05 | J5: 117800 | K5: 0 | L5: 계획없음 | M5: 0 | O5: 일평균소진없음 | Q5: 데이터 없음 | R5: 판매없음
A6: 1300271 | B6: [원료]대웅제약_DW-EGF동결원액_4mg/1ml | C6: 0 | D6: 0 | E6: 0 | F6: 0 | G6: 0 | H6: 0 | I6: 1201.96 | J6: 0 | K6: 0 | L6: 계획없음 | M6: 0 | O6: 일평균소진없음 | Q6: 데이터 없음 | R6: 판매없음
A7: 2301915 | B7: (단종)[판촉물]쇼핑백_23년프로모션(245*95*230) | C7: 0 | D7: 0 | E7: 0 | F7: 0 | G7: 13 | H7: 0 | I7: 13 | J7: 13 | K7: 0 | L7: 계획없음 | M7: 0 | O7: 일평균소진없음 | Q7: 데이터 없음 | R7: 판매없음
A8: 2302226 | B8: [세트포장재_면세슬리브]멜라토닝패치4매*3박스 | C8: 0 | D8: 0 | E8: 0 | F8: 0 | G8: 2324 | H8: 0 | I8: 2324 | J8: 2324 | K8: 0 | L8: 계획없음 | M8: 0 | O8: 일평균소진없음 | Q8: 데이터 없음 | R8: 판매없음
A9: 2302396 | B9: (단종)[세트포장재_슬리브]멜라비타씨토너_한가인싸인(판촉몰) | C9: 0 | D9: 0 | E9: 0 | F9: 0 | G9: 13500 | H9: 0 | I9: 13500 | J9: 13500 | K9: 0 | L9: 계획없음 | M9: 0 | O9: 일평균소진없음 | Q9: 데이터 없음 | R9: 판매없음
A10: 2302427 | B10: (단종)[세트포장재_슬리브]기미앰플1ml+더마니들1구_한가인싸인(판촉몰) | C10: 0 | D10: 0 | E10: 0 | F10: 0 | G10: 17549 | H10: 0 | I10: 17549 | J10: 17549 | K10: 0 | L10: 계획없음 | M10: 0 | O10: 일평균소진없음 | Q10: 데이터 없음 | R10: 판매없음
A11: 2302428 | B11: (단종)[세트포장재]이지듀2024가정의달vIP싸바리_쇼핑백 | C11: 0 | D11: 0 | E11: 0 | F11: 0 | G11: 4 | H11: 0 | I11: 4 | J11: 4 | K11: 0 | L11: 계획없음 | M11: 0 | O11: 일평균소진없음 | Q11: 데이터 없음 | R11: 판매없음
A12: 2302436 | B12: (단종)[세트포장재]더마톡스니들롤러대_단상자 | C12: 0 | D12: 0 | E12: 0 | F12: 0 | G12: 5226 | H12: 0 | I12: 5226 | J12: 5226 | K12: 0 | L12: 계획없음 | M12: 0 | O12: 일평균소진없음 | Q12: 데이터 없음 | R12: 판매없음
A13: 2302564 | B13: (단종)[세트포장재]멜라_라필프로페셔널툴즈키트_단상자 | C13: 0 | D13: 0 | E13: 0 | F13: 0 | G13: 2000 | H13: 0 | I13: 2000 | J13: 2000 | K13: 0 | L13: 계획없음 | M13: 0 | O13: 일평균소진없음 | Q13: 데이터 없음 | R13: 판매없음
A14: 2302650 | B14: [세트포장재_싸바리박스]멜라3스텝_명절용스페셜세트 | C14: 0 | D14: 0 | E14: 0 | F14: 0 | G14: 303 | H14: 0 | I14: 303 | J14: 303 | K14: 0 | L14: 계획없음 | M14: 0 | O14: 일평균소진없음 | Q14: 데이터 없음 | R14: 판매없음
A15: 2302671 | B15: (단종)[세트포장재_슬리브]스킨부스터_나이아신앰플 | C15: 0 | D15: 0 | E15: 0 | F15: 0 | G15: 4029 | H15: 0 | I15: 4029 | J15: 4029 | K15: 0 | L15: 계획없음 | M15: 0 | O15: 일평균소진없음 | Q15: 데이터 없음 | R15: 판매없음
A16: 2302672 | B16: (단종)[세트포장재_슬리브]스킨부스터_피디알엔앰플 | C16: 0 | D16: 0 | E16: 0 | F16: 0 | G16: 4114 | H16: 0 | I16: 4114 | J16: 4114 | K16: 0 | L16: 계획없음 | M16: 0 | O16: 일평균소진없음 | Q16: 데이터 없음 | R16: 판매없음
... A24: 2302997 | B24: [판촉물_부자재]멜라토닝 VIP 고급 대관세트(2025)_리플렛 | C24: 0 | D24: 0 | E24: 0 | F24: 0 | G24: 185 | H24: 0 | I24: 185 | J24: 185 | K24: 0 | L24: 계획없음 | M24: 0 | O24: 일평균소진없음 | Q24: 데이터 없음 | R24: 판매없음
A25: 2303084 | B25: [EA]이지듀멜라비토닝미스트로즈쇼핑백 | C25: 0 | D25: 1023.4295 | E25: 0 | F25: 0 | G25: 6943 | H25: 0 | I25: 6949 | J25: 6943 | K25: 10 | L25: 6.7840533 | M25: 1.4285714 | N25: 4860.1 | O25: 4864.3 | P25: 2039-07-29 | Q25: 과재고 | R25: 안전
A26: 2303245 | B26: (단종)[세트포장재]앰플쿠션_19호_면세세트(본품+리필2)_단상자_v3 | C26: 0 | D26: 0 | E26: 0 | F26: 0 | G26: 705 | H26: 0 | I26: 705 | J26: 705 | K26: 0 | L26: 계획없음 | M26: 0 | O26: 일평균소진없음 | Q26: 데이터 없음 | R26: 판매없음
A27: 2303246 | B27: (단종)[세트포장재]앰플쿠션_21호_면세세트(본품+리필2)_단상자_v3 | C27: 0 | D27: 0 | E27: 0 | F27: 0 | G27: 1023 | H27: 0 | I27: 1023 | J27: 1023 | K27: 0 | L27: 계획없음 | M27: 0 | O27: 일평균소진없음 | Q27: 데이터 없음 | R27: 판매없음
A28: 2303247 | B28: (단종)[세트포장재]앰플쿠션_23호_면세세트(본품+리필2)_단상자_v3 | C28: 0 | D28: 0 | E28: 0 | F28: 0 | G28: 715 | H28: 0 | I28: 715 | J28: 715 | K28: 0 | L28: 계획없음 | M28: 0 | O28: 일평균소진없음 | Q28: 데이터 없음 | R28: 판매없음
A29: 2303248 | B29: 이지듀멜라비토닝원데이앰플로즈에디션_세트단상자(박스형) | C29: 0 | D29: 0 | E29: 0 | F29: 0 | G29: 14285 | H29: 0 | I29: 14385 | J29: 14285 | K29: 0 | L29: 계획없음 | M29: 0 | O29: 일평균소진없음 | Q29: 데이터 없음 | R29: 판매없음
A30: 2303273 | B30: (단종)[세트포장재]멜라B_선세럼_40ml더블기획(면세)_세트단상자 | C30: 0 | D30: 0 | E30: 0 | F30: 0 | G30: 1100 | H30: 0 | I30: 1100 | J30: 1100 | K30: 0 | L30: 계획없음 | M30: 0 | O30: 일평균소진없음 | Q30: 데이터 없음 | R30: 판매없음
A31: 2303293 | B31: (단종)[세트포장재]비타_앰플클렌저_200ml_단상자 | C31: 0 | D31: 0 | E31: 0 | F31: 0 | G31: 1100 | H31: 0 | I31: 1100 | J31: 1100 | K31: 0 | L31: 계획없음 | M31: 0 | O31: 일평균소진없음 | Q31: 데이터 없음 | R31: 판매없음
A32: 2303297 | B32: (단종)[세트포장재]클리어_에스오에스_스팟15ml_단상자 | C32: 0 | D32: 0 | E32: 0 | F32: 0 | G32: 4900 | H32: 0 | I32: 4900 | J32: 4900 | K32: 0 | L32: 계획없음 | M32: 0 | O32: 일평균소진없음 | Q32: 데이터 없음 | R32: 판매없음
A33: 2303299 | B33: (단종)[세트포장재]클리어_B3+B5세럼29ml_단상자 | C33: 0 | D33: 0 | E33: 0 | F33: 0 | G33: 4500 | H33: 0 | I33: 4500 | J33: 4500 | K33: 0 | L33: 계획없음 | M33: 0 | O33: 일평균소진없음 | Q33: 데이터 없음 | R33: 판매없음
A34: 2303300 | B34: (단종)[세트포장재]클리어_아하2%토너200ml_단상자 | C34: 0 | D34: 0 | E34: 0 | F34: 0 | G34: 1000 | H34: 0 | I34: 1000 | J34: 1000 | K34: 0 | L34: 계획없음 | M34: 0 | O34: 일평균소진없음 | Q34: 데이터 없음 | R34: 판매없음
A35: 2303301 | B35: (단종)[세트포장재]클리어_바하클렌저100ml_단상자 | C35: 0 | D35: 0 | E35: 0 | F35: 0 | G35: 1000 | H35: 0 | I35: 1000 | J35: 1000 | K35: 0 | L35: 계획없음 | M35: 0 | O35: 일평균소진없음 | Q35: 데이터 없음 | R35: 판매없음
A36: 2303302 | B36: (단종)[세트포장재]클리어_라하바디미스트100ml_단상자 | C36: 0 | D36: 0 | E36: 0 | F36: 0 | G36: 1000 | H36: 0 | I36: 1000 | J36: 1000 | K36: 0 | L36: 계획없음 | M36: 0 | O36: 일평균소진없음 | Q36: 데이터 없음 | R36: 판매없음
A37: 2303304 | B37: (단종)[세트포장재]클리어_바하바디클렌저300g_단상자 | C37: 0 | D37: 0 | E37: 0 | F37: 0 | G37: 1000 | H37: 0 | I37: 1000 | J37: 1000 | K37: 0 | L37: 계획없음 | M37: 0 | O37: 일평균소진없음 | Q37: 데이터 없음 | R37: 판매없음
... A93: 7001011 | B93: [판촉물_상품]실리콘클렌징브러쉬(비비또)_오렌지 | C93: 0 | D93: 0 | E93: 0 | F93: 0 | G93: 467 | H93: 0 | I93: 467 | J93: 467 | K93: 0 | L93: 계획없음 | M93: 0 | O93: 일평균소진없음 | Q93: 데이터 없음 | R93: 판매없음
A94: 7001012 | B94: [판촉물_상품]클렌징브러쉬듀오 | C94: 0 | D94: 0 | E94: 0 | F94: 0 | G94: 4245 | H94: 0 | I94: 4245 | J94: 4245 | K94: 6 | L94: 계획없음 | M94: 0.85714286 | N94: 4952.5 | O94: 4952.5 | P94: 2039-10-29 | Q94: 과재고 | R94: 안전
A95: 7001034 | B95: 페이스템C(0.8CC*2EA) | C95: 0 | D95: 0 | E95: 0 | F95: 0 | G95: 0 | H95: 0 | I95: 0 | J95: 0 | K95: 0 | L95: 계획없음 | M95: 0 | O95: 일평균소진없음 | Q95: 데이터 없음 | R95: 판매없음
A96: 7001039 | B96: 지젤리뉴유니버셜(1CC*2EA) | C96: 0 | D96: 0 | E96: 0 | F96: 0 | G96: 0 | H96: 0 | I96: 0 | J96: 0 | K96: 0 | L96: 계획없음 | M96: 0 | O96: 일평균소진없음 | Q96: 데이터 없음 | R96: 판매없음
A97: 7001042 | B97: 나보타주1VI*1EA(100U)-DNC | C97: 0 | D97: 0 | E97: 0 | F97: 0 | G97: 0 | H97: 0 | I97: 0 | J97: 0 | K97: 0 | L97: 계획없음 | M97: 0 | O97: 일평균소진없음 | Q97: 데이터 없음 | R97: 판매없음
A98: 7001045 | B98: 나보타주1V*1EA(150U)-DNC | C98: 0 | D98: 0 | E98: 0 | F98: 0 | G98: 0 | H98: 0 | I98: 0 | J98: 0 | K98: 0 | L98: 계획없음 | M98: 0 | O98: 일평균소진없음 | Q98: 데이터 없음 | R98: 판매없음
A99: 7001046 | B99: 나보타주1V*1EA(200U)-DNC | C99: 0 | D99: 0 | E99: 0 | F99: 0 | G99: 0 | H99: 0 | I99: 0 | J99: 0 | K99: 0 | L99: 계획없음 | M99: 0 | O99: 일평균소진없음 | Q99: 데이터 없음 | R99: 판매없음
A100: 7001047 | B100: 나보타주1V*1EA(50U)-DNC | C100: 0 | D100: 0 | E100: 0 | F100: 0 | G100: 0 | H100: 0 | I100: 0 | J100: 0 | K100: 0 | L100: 계획없음 | M100: 0 | O100: 일평균소진없음 | Q100: 데이터 없음 | R100: 판매없음
A101: 7300266 | B101: 이지덤뷰티 뷰티 42매 (파우치, 온라인) | C101: 0 | D101: 0 | E101: 0 | F101: 0 | G101: 0 | H101: 0 | I101: 0 | J101: 0 | K101: 0 | L101: 계획없음 | M101: 0 | O101: 일평균소진없음 | Q101: 데이터 없음 | R101: 판매없음
A102: 7300313 | B102: VOM V (1.0ml*2) | C102: 0 | D102: 0 | E102: 0 | F102: 0 | G102: 0 | H102: 0 | I102: 0 | J102: 0 | K102: 0 | L102: 계획없음 | M102: 0 | O102: 일평균소진없음 | Q102: 데이터 없음 | R102: 판매없음
A103: 7300314 | B103: VOM O (1.0ml*2) | C103: 0 | D103: 0 | E103: 0 | F103: 0 | G103: 0 | H103: 0 | I103: 0 | J103: 0 | K103: 0 | L103: 계획없음 | M103: 0 | O103: 일평균소진없음 | Q103: 데이터 없음 | R103: 판매없음
A104: 7300315 | B104: VOM M (1.0ml*2) | C104: 0 | D104: 0 | E104: 0 | F104: 0 | G104: 0 | H104: 0 | I104: 0 | J104: 0 | K104: 0 | L104: 계획없음 | M104: 0 | O104: 일평균소진없음 | Q104: 데이터 없음 | R104: 판매없음
A105: 7300398 | B105: 지젤리뉴시그니처1(1CC*2EA) | C105: 0 | D105: 0 | E105: 0 | F105: 0 | G105: 0 | H105: 0 | I105: 0 | J105: 0 | K105: 0 | L105: 계획없음 | M105: 0 | O105: 일평균소진없음 | Q105: 데이터 없음 | R105: 판매없음
A106: 7300399 | B106: 에일린17(1CC*2EA) | C106: 0 | D106: 0 | E106: 0 | F106: 0 | G106: 0 | H106: 0 | I106: 0 | J106: 0 | K106: 0 | L106: 계획없음 | M106: 0 | O106: 일평균소진없음 | Q106: 데이터 없음 | R106: 판매없음
... A109: 7300454 | B109: 지젤리뉴시그니처2(1CC*2EA) | C109: 0 | D109: 0 | E109: 0 | F109: 0 | G109: 0 | H109: 0 | I109: 0 | J109: 0 | K109: 0 | L109: 계획없음 | M109: 0 | O109: 일평균소진없음 | Q109: 데이터 없음 | R109: 판매없음
A110: 7300456 | B110: 0 | C110: 0 | D110: 0 | E110: 0 | F110: 0 | G110: 164228 | H110: 0 | I110: 164251 | J110: 164228 | K110: 7903 | L110: 계획없음 | M110: 1129 | N110: 145.46324 | O110: 145.48361 | P110: 2026-08-31 | Q110: 과재고 | R110: 안전
A111: 7300486 | B111: 미운영) 이지덤뷰티 릴리프(코바스) 42매 (파우치, 온라인) | C111: 0 | D111: 0 | E111: 0 | F111: 0 | G111: 0 | H111: 0 | I111: 0 | J111: 0 | K111: 0 | L111: 계획없음 | M111: 0 | O111: 일평균소진없음 | Q111: 데이터 없음 | R111: 판매없음
A112: 7300502 | B112: 0 | C112: 0 | D112: 0 | E112: 0 | F112: 0 | G112: 0 | H112: 0 | I112: 0 | J112: 0 | K112: 0 | L112: 계획없음 | M112: 0 | O112: 일평균소진없음 | Q112: 데이터 없음 | R112: 판매없음
A113: 7300532 | B113: 이지덤뷰티 니들케어 4매(온라인/기타)(중단) | C113: 0 | D113: 0 | E113: 0 | F113: 0 | G113: 0 | H113: 0 | I113: 0 | J113: 0 | K113: 0 | L113: 계획없음 | M113: 0 | O113: 일평균소진없음 | Q113: 데이터 없음 | R113: 판매없음
A114: 7300640 | B114: 페이스템C(0.3CC*2EA) | C114: 0 | D114: 0 | E114: 0 | F114: 0 | G114: 0 | H114: 0 | I114: 0 | J114: 0 | K114: 0 | L114: 계획없음 | M114: 0 | O114: 일평균소진없음 | Q114: 데이터 없음 | R114: 판매없음
A115: 7300647 | B115: (단종)[판촉물]DWEGF_유브이컨트롤_아웃도어패치_리플렛 | C115: 0 | D115: 0 | E115: 0 | F115: 0 | G115: 0 | H115: 0 | I115: 0 | J115: 0 | K115: 0 | L115: 계획없음 | M115: 0 | O115: 일평균소진없음 | Q115: 데이터 없음 | R115: 판매없음
A116: 7300665 | B116: 브이올렛주(2ml*5vial) | C116: 0 | D116: 0 | E116: 0 | F116: 0 | G116: 0 | H116: 0 | I116: 0 | J116: 0 | K116: 0 | L116: 계획없음 | M116: 0 | O116: 일평균소진없음 | Q116: 데이터 없음 | R116: 판매없음
A117: 7300666 | B117: [OBL]VOM V (1.0ml*2) | C117: 0 | D117: 0 | E117: 0 | F117: 0 | G117: 0 | H117: 0 | I117: 0 | J117: 0 | K117: 0 | L117: 계획없음 | M117: 0 | O117: 일평균소진없음 | Q117: 데이터 없음 | R117: 판매없음
A118: 7300667 | B118: [OBL]VOM M (1.0ml*2) | C118: 0 | D118: 0 | E118: 0 | F118: 0 | G118: 0 | H118: 0 | I118: 0 | J118: 0 | K118: 0 | L118: 계획없음 | M118: 0 | O118: 일평균소진없음 | Q118: 데이터 없음 | R118: 판매없음
A119: 7300668 | B119: [OBL]VOM O (1.0ml*2) | C119: 0 | D119: 0 | E119: 0 | F119: 0 | G119: 0 | H119: 0 | I119: 0 | J119: 0 | K119: 0 | L119: 계획없음 | M119: 0 | O119: 일평균소진없음 | Q119: 데이터 없음 | R119: 판매없음
A120: 7300670 | B120: 바이탈썸 멀티비타민 올인원 30(정)(중단) | C120: 0 | D120: 0 | E120: 0 | F120: 0 | G120: 0 | H120: 0 | I120: 0 | J120: 0 | K120: 0 | L120: 계획없음 | M120: 0 | O120: 일평균소진없음 | Q120: 데이터 없음 | R120: 판매없음
A121: 7300681 | B121: (단종)[판촉물]RX_소비자용리플렛_8P(JP) | C121: 0 | D121: 0 | E121: 0 | F121: 0 | G121: 0 | H121: 0 | I121: 0 | J121: 0 | K121: 0 | L121: 계획없음 | M121: 0 | O121: 일평균소진없음 | Q121: 데이터 없음 | R121: 판매없음
A122: 7300729 | B122: [판촉물_상품]이지덤 뷰티 42매(낱개) | C122: 0 | D122: 0 | E122: 0 | F122: 0 | G122: 0 | H122: 0 | I122: 0 | J122: 0 | K122: 0 | L122: 계획없음 | M122: 0 | O122: 일평균소진없음 | Q122: 데이터 없음 | R122: 판매없음
A123: 7300761 | B123: [판촉물_상품]이지덤뷰티릴리프_42매 | C123: 0 | D123: 0 | E123: 0 | F123: 0 | G123: 0 | H123: 0 | I123: 0 | J123: 0 | K123: 0 | L123: 계획없음 | M123: 0 | O123: 일평균소진없음 | Q123: 데이터 없음 | R123: 판매없음
A124: 7300762 | B124: [판촉물_상품]이지덤뷰티니들케어_4매 | C124: 0 | D124: 0 | E124: 0 | F124: 0 | G124: 0 | H124: 0 | I124: 0 | J124: 0 | K124: 0 | L124: 계획없음 | M124: 0 | O124: 일평균소진없음 | Q124: 데이터 없음 | R124: 판매없음
... A136: 7301047 | B136: [판촉물_부자재][EA]대형쇼핑백(고급)(28*7.5*32)_판매용 | C136: 0 | D136: 0 | E136: 0 | F136: 0 | G136: 0 | H136: 0 | I136: 0 | J136: 0 | K136: 0 | L136: 계획없음 | M136: 0 | O136: 일평균소진없음 | Q136: 데이터 없음 | R136: 판매없음
A137: 7301049 | B137: 시지바이오_이지듀MD크림_85g | C137: 154.667 | D137: 154.44802 | E137: 25.862013 | F137: 25.898682 | G137: 1199 | H137: 0 | I137: 1199 | J137: 1199 | K137: 40 | L137: 7.7631298 | M137: 5.7142857 | N137: 209.825 | O137: 209.825 | P137: 2026-11-03 | Q137: 과재고 | R137: 안전
A138: 7301162 | B138: (단종)[판촉물_선물박스]리본고리케이스_소형(판촉몰) | C138: 0 | D138: 0 | E138: 0 | F138: 0 | G138: 180 | H138: 0 | I138: 180 | J138: 180 | K138: 0 | L138: 계획없음 | M138: 0 | O138: 일평균소진없음 | Q138: 데이터 없음 | R138: 판매없음
A139: 7301222 | B139: [판촉물_부자재]이지듀공용VIP3종세트케이스_판매용 | C139: 0 | D139: 0 | E139: 0 | F139: 0 | G139: 0 | H139: 0 | I139: 0 | J139: 0 | K139: 0 | L139: 계획없음 | M139: 0 | O139: 일평균소진없음 | Q139: 데이터 없음 | R139: 판매없음
A140: 7301223 | B140: [판촉물_부자재]이지듀공용VIP5종세트케이스_판매용 | C140: 0 | D140: 0 | E140: 0 | F140: 0 | G140: 0 | H140: 0 | I140: 0 | J140: 0 | K140: 0 | L140: 계획없음 | M140: 0 | O140: 일평균소진없음 | Q140: 데이터 없음 | R140: 판매없음
A141: 7301234 | B141: (단종)[판촉물]클리어_아쿠네필해면스펀지 | C141: 0 | D141: 0 | E141: 0 | F141: 0 | G141: 1 | H141: 0 | I141: 1 | J141: 1 | K141: 0 | L141: 계획없음 | M141: 0 | O141: 일평균소진없음 | Q141: 데이터 없음 | R141: 판매없음
A142: 7301237 | B142: (단종)[판촉물_쇼핑백]소형쇼핑백_둥근종이끈_200*80*200 | C142: 2504.667 | D142: 184.40713 | E142: 0 | F142: 0 | G142: 1149 | H142: 0 | I142: 1254 | J142: 1149 | K142: 0 | L142: 6.2307787 | M142: 0 | O142: 일평균소진없음 | Q142: 데이터 없음 | R142: 판매없음
A143: 7301305 | B143: [판촉물_샘플]대웅제약에너씨슬퍼펙트샷이뮨플러스(1개입) | C143: 0 | D143: 0 | E143: 0 | F143: 0 | G143: 0 | H143: 0 | I143: 0 | J143: 0 | K143: 0 | L143: 계획없음 | M143: 0 | O143: 일평균소진없음 | Q143: 데이터 없음 | R143: 판매없음
A144: 7301306 | B144: (단종)[판촉물]신규회원1만원쿠폰_공구용(초록) | C144: 0 | D144: 0 | E144: 0 | F144: 0 | G144: 0 | H144: 0 | I144: 0 | J144: 0 | K144: 0 | L144: 계획없음 | M144: 0 | O144: 일평균소진없음 | Q144: 데이터 없음 | R144: 판매없음
A145: 7301307 | B145: 용역비 | C145: 0 | D145: 0 | E145: 0 | F145: 0 | G145: 500000000 | H145: 0 | I145: 500000000 | J145: 500000000 | K145: 0 | L145: 계획없음 | M145: 0 | O145: 일평균소진없음 | Q145: 데이터 없음 | R145: 판매없음
A146: 7301308 | B146: 용역비코드 | C146: 0 | D146: 0 | E146: 0 | F146: 0 | G146: 499999988 | H146: 0 | I146: 499999988 | J146: 499999988 | K146: 0 | L146: 계획없음 | M146: 0 | O146: 일평균소진없음 | Q146: 데이터 없음 | R146: 판매없음
A147: 7301343 | B147: (단종)[판촉물]대웅제약에너씨슬퍼펙트샷_상품권 | C147: 0 | D147: 0 | E147: 0 | F147: 0 | G147: 0 | H147: 0 | I147: 0 | J147: 0 | K147: 0 | L147: 계획없음 | M147: 0 | O147: 일평균소진없음 | Q147: 데이터 없음 | R147: 판매없음
A148: 7301344 | B148: [판촉물_상품][EA]DW-EGF엠티에스롤러대 | C148: 0 | D148: 0 | E148: 0 | F148: 0 | G148: 0 | H148: 0 | I148: 0 | J148: 0 | K148: 0 | L148: 계획없음 | M148: 0 | O148: 일평균소진없음 | Q148: 데이터 없음 | R148: 판매없음
A149: 7301347 | B149: [판촉물_박스]옐로우플라워_이지듀가정의달세트 | C149: 0 | D149: 0 | E149: 0 | F149: 0 | G149: 80 | H149: 0 | I149: 80 | J149: 80 | K149: 0 | L149: 계획없음 | M149: 0 | O149: 일평균소진없음 | Q149: 데이터 없음 | R149: 판매없음
A150: 7301348 | B150: (단종)[판촉물_선물박스]옐로우플라워_이지듀가정의달세트_손잡이형 | C150: 122.667 | D150: 0 | E150: 0 | F150: 0 | G150: 0 | H150: 0 | I150: 0 | J150: 0 | K150: 0 | L150: 계획없음 | M150: 0 | O150: 일평균소진없음 | Q150: 데이터 없음 | R150: 판매없음
A151: 7301349 | B151: [판촉물_상품]이지듀가정의달세트_싸바리 | C151: 0 | D151: 0 | E151: 0 | F151: 0 | G151: 0 | H151: 0 | I151: 0 | J151: 0 | K151: 0 | L151: 계획없음 | M151: 0 | O151: 일평균소진없음 | Q151: 데이터 없음 | R151: 판매없음
A152: 7301365 | B152: [판촉물_샘플]대웅제약에너씨슬퍼펙트샷4개입 | C152: 0 | D152: 0 | E152: 0 | F152: 0 | G152: 0 | H152: 0 | I152: 0 | J152: 0 | K152: 0 | L152: 계획없음 | M152: 0 | O152: 일평균소진없음 | Q152: 데이터 없음 | R152: 판매없음
A153: 7301441 | B153: (단종)DWEGF_더마톡스_니들롤러대_(단품) | C153: 0 | D153: 0 | E153: 0 | F153: 0 | G153: 180 | H153: 0 | I153: 180 | J153: 180 | K153: 0 | L153: 계획없음 | M153: 0 | O153: 일평균소진없음 | Q153: 데이터 없음 | R153: 판매없음
A154: 7301442 | B154: [EA]디더블유EGF엠티에스롤러대AD(2024) | C154: 0 | D154: 0 | E154: 0 | F154: 0 | G154: 0 | H154: 0 | I154: 0 | J154: 0 | K154: 0 | L154: 계획없음 | M154: 0 | O154: 일평균소진없음 | Q154: 데이터 없음 | R154: 판매없음
... A156: 7301466 | B156: [EA]디더블유이지에프엠티에스롤러대(미품) | C156: 0 | D156: 0 | E156: 0 | F156: 0 | G156: 0 | H156: 0 | I156: 0 | J156: 0 | K156: 0 | L156: 계획없음 | M156: 0 | O156: 일평균소진없음 | Q156: 데이터 없음 | R156: 판매없음
A157: 7301514 | B157: (단종)[판촉물_선물박스]삼각형리본끈쇼핑백(카카오선물) | C157: 26.667 | D157: 1000 | E157: 0 | F157: 0 | G157: 3608 | H157: 0 | I157: 3608 | J157: 3608 | K157: 0 | L157: 3.608 | M157: 0 | O157: 일평균소진없음 | Q157: 데이터 없음 | R157: 판매없음
A158: 7301542 | B158: DWEGF_니들롤러대(단상자없음) | C158: 839.333 | D158: 470.53727 | E158: 7.8633868 | F158: 14.026519 | G158: 23237 | H158: 0 | I158: 23614 | J158: 23237 | K158: 65 | L158: 49.383974 | M158: 9.2857143 | N158: 2502.4462 | O158: 2543.0462 | P158: 2033-02-12 | Q158: 과재고 | R158: 안전
A159: 7301569 | B159: 가정의 달 선물세트 엽서_(수정) | C159: 0 | D159: 0 | E159: 0 | F159: 0 | G159: 0 | H159: 0 | I159: 0 | J159: 0 | K159: 0 | L159: 계획없음 | M159: 0 | O159: 일평균소진없음 | Q159: 데이터 없음 | R159: 판매없음
A160: 7301580 | B160: 멜라라필_브러쉬1ea | C160: 0 | D160: 0 | E160: 0 | F160: 0 | G160: 1040 | H160: 0 | I160: 1040 | J160: 1040 | K160: 0 | L160: 계획없음 | M160: 0 | O160: 일평균소진없음 | Q160: 데이터 없음 | R160: 판매없음
A161: 7301591 | B161: (단종)[판촉물]레티놀배송지연엽서 | C161: 0 | D161: 0 | E161: 0 | F161: 0 | G161: 107 | H161: 0 | I161: 107 | J161: 107 | K161: 0 | L161: 계획없음 | M161: 0 | O161: 일평균소진없음 | Q161: 데이터 없음 | R161: 판매없음
A162: 7301695 | B162: 멜라라필_실리콘볼1ea | C162: 0 | D162: 0 | E162: 0 | F162: 0 | G162: 5005 | H162: 0 | I162: 5005 | J162: 5005 | K162: 0 | L162: 계획없음 | M162: 0 | O162: 일평균소진없음 | Q162: 데이터 없음 | R162: 판매없음
A163: 7301709 | B163: [판촉물_샘플]대웅제약에너씨슬다이어트샷제로(10개입)*1ea | C163: 0 | D163: 0 | E163: 0 | F163: 0 | G163: 0 | H163: 0 | I163: 0 | J163: 0 | K163: 0 | L163: 계획없음 | M163: 0 | O163: 일평균소진없음 | Q163: 데이터 없음 | R163: 판매없음
A164: 7301710 | B164: [판촉물_샘플]대웅제약에너씨슬다이어트샷제로(10개입)*3ea | C164: 0 | D164: 0 | E164: 0 | F164: 0 | G164: 0 | H164: 0 | I164: 0 | J164: 0 | K164: 0 | L164: 계획없음 | M164: 0 | O164: 일평균소진없음 | Q164: 데이터 없음 | R164: 판매없음
A165: 7301711 | B165: [판촉물_샘플]대웅제약에너씨슬다이어트샷제로(10개입)*9ea | C165: 0 | D165: 0 | E165: 0 | F165: 0 | G165: 0 | H165: 0 | I165: 0 | J165: 0 | K165: 0 | L165: 계획없음 | M165: 0 | O165: 일평균소진없음 | Q165: 데이터 없음 | R165: 판매없음
A166: 7301742 | B166: 멜라라필_툴즈키트(브러쉬,실리콘볼) | C166: 26.333 | D166: 60 | E166: 0 | F166: 0 | G166: 133 | H166: 0 | I166: 10602 | J166: 133 | K166: 0 | L166: 2.2166667 | M166: 0 | O166: 일평균소진없음 | Q166: 데이터 없음 | R166: 판매없음
A167: 7301750 | B167: (단종)[판촉물_엽서]한가인싸인 | C167: 0 | D167: 0 | E167: 0 | F167: 0 | G167: 18910 | H167: 0 | I167: 18910 | J167: 18910 | K167: 0 | L167: 계획없음 | M167: 0 | O167: 일평균소진없음 | Q167: 데이터 없음 | R167: 판매없음
A168: 7301751 | B168: (단종)[판촉물_쇼핑백]24년추석_미니 | C168: 392 | D168: 23.906848 | E168: 0 | F168: 0 | G168: 0 | H168: 2 | I168: 2 | J168: 2 | K168: 0 | L168: 0.083658039 | M168: 0 | O168: 일평균소진없음 | Q168: 데이터 없음 | R168: 판매없음
A169: 7301840 | B169: (단종)[세트포장재]RX_포스트레이저_워터풀수딩크림_50ml_단상자 | C169: 0 | D169: 0 | E169: 0 | F169: 0 | G169: 0 | H169: 0 | I169: 0 | J169: 0 | K169: 0 | L169: 계획없음 | M169: 0 | O169: 일평균소진없음 | Q169: 데이터 없음 | R169: 판매없음
A170: 7301915 | B170: (단종)[판촉물_상품]그린구름빵파우치 | C170: 0 | D170: 0 | E170: 0 | F170: 0 | G170: 332 | H170: 0 | I170: 382 | J170: 332 | K170: 0 | L170: 계획없음 | M170: 0 | O170: 일평균소진없음 | Q170: 데이터 없음 | R170: 판매없음
A171: 7301946 | B171: 이지듀 2025신년 패키지 SET 기미앰플 30ml * 6EA | C171: 0 | D171: 0 | E171: 0 | F171: 0 | G171: 0 | H171: 0 | I171: 0 | J171: 0 | K171: 0 | L171: 계획없음 | M171: 0 | O171: 일평균소진없음 | Q171: 데이터 없음 | R171: 판매없음
A172: 7301947 | B172: (단종)[판촉물]대웅제약에너씨슬퍼펙트샷_4개입(증정) | C172: 0 | D172: 0 | E172: 0 | F172: 0 | G172: 0 | H172: 0 | I172: 0 | J172: 0 | K172: 0 | L172: 계획없음 | M172: 0 | O172: 일평균소진없음 | Q172: 데이터 없음 | R172: 판매없음
A173: 7301959 | B173: (단종)[판촉물_쇼핑백]삼각보테가 | C173: 215 | D173: 0 | E173: 0 | F173: 0 | G173: 26 | H173: 0 | I173: 26 | J173: 26 | K173: 0 | L173: 계획없음 | M173: 0 | O173: 일평균소진없음 | Q173: 데이터 없음 | R173: 판매없음
A174: 7301960 | B174: (단종)[판촉물_상품]앰플쿠션퍼프_2개입 | C174: 0 | D174: 0 | E174: 0 | F174: 0 | G174: 0 | H174: 0 | I174: 0 | J174: 0 | K174: 0 | L174: 계획없음 | M174: 0 | O174: 일평균소진없음 | Q174: 데이터 없음 | R174: 판매없음
A175: 7301981 | B175: 이지듀 2025신년 패키지 SET 항산화 30ml * 4EA | C175: 0 | D175: 0 | E175: 0 | F175: 0 | G175: 0 | H175: 0 | I175: 0 | J175: 0 | K175: 0 | L175: 계획없음 | M175: 0 | O175: 일평균소진없음 | Q175: 데이터 없음 | R175: 판매없음
A176: 7301986 | B176: [판촉물_부자재] 멜라토닝 더블업 크림+앰플 기획세트(단상자)_25년설 | C176: 0 | D176: 0 | E176: 0 | F176: 0 | G176: 0 | H176: 0 | I176: 0 | J176: 0 | K176: 0 | L176: 계획없음 | M176: 0 | O176: 일평균소진없음 | Q176: 데이터 없음 | R176: 판매없음
A177: 7301987 | B177: [판촉물_부자재] 멜라토닝 더블업 크림+앰플 기획세트(패드)_25년설 | C177: 0 | D177: 0 | E177: 0 | F177: 0 | G177: 0 | H177: 0 | I177: 0 | J177: 0 | K177: 0 | L177: 계획없음 | M177: 0 | O177: 일평균소진없음 | Q177: 데이터 없음 | R177: 판매없음
A178: 7301988 | B178: [판촉물_부자재]멜라 3-스텝 올인원 스페셜세트(싸바리)_플라워 | C178: 0 | D178: 0 | E178: 0 | F178: 0 | G178: 0 | H178: 0 | I178: 0 | J178: 0 | K178: 0 | L178: 계획없음 | M178: 0 | O178: 일평균소진없음 | Q178: 데이터 없음 | R178: 판매없음
...

Sheet RAW
B1: 자재코드 | C1: 자재내역 | D1: 3평판 | E1: SF | F1: 당월출하 | G1: 판매율(평판) | H1: 판매율(SF) | I1: 5000 | J1: 6090 | K1: 총재고 | L1: 이지+천지재고 | M1: 순매출수량 | N1: 재고대응률 | O1: 일평균소진 | P1: 이지+천지재고일수(일평균소진) | Q1: 이지+천지재고일수(3평판) | R1: 총재고일수 | S1: 품절예상일 | T1: 위험도(일평균소진) | U1: 위험도(3평판) | V1: 위험도(엑셀관리)
A2: 0 | B2: 1000940 | C2: [원료]DW-EGFLiposol(EGF-나노리포좀)250ppm 1g | D2: 0 | E2: 0 | F2: 0 | G2: 0 | H2: 0 | I2: 117800 | J2: 0 | K2: 584810.05 | L2: 117800 | M2: 0 | N2: 계획없음 | O2: 0 | R2: 일평균소진없음 | T2: 데이터 없음 | U2: 데이터 없음 | V2: 판매없음
A3: 1 | B3: 1300271 | C3: [원료]대웅제약_DW-EGF동결원액_4mg/1ml | D3: 0 | E3: 0 | F3: 0 | G3: 0 | H3: 0 | I3: 0 | J3: 0 | K3: 1201.96 | L3: 0 | M3: 0 | N3: 계획없음 | O3: 0 | R3: 일평균소진없음 | T3: 데이터 없음 | U3: 데이터 없음 | V3: 판매없음
A4: 2 | B4: 2301915 | C4: (단종)[판촉물]쇼핑백_23년프로모션(245*95*230) | D4: 0 | E4: 0 | F4: 0 | G4: 0 | H4: 0 | I4: 13 | J4: 0 | K4: 13 | L4: 13 | M4: 0 | N4: 계획없음 | O4: 0 | R4: 일평균소진없음 | T4: 데이터 없음 | U4: 데이터 없음 | V4: 판매없음
A5: 3 | B5: 2302226 | C5: [세트포장재_면세슬리브]멜라토닝패치4매*3박스 | D5: 0 | E5: 0 | F5: 0 | G5: 0 | H5: 0 | I5: 2324 | J5: 0 | K5: 2324 | L5: 2324 | M5: 0 | N5: 계획없음 | O5: 0 | R5: 일평균소진없음 | T5: 데이터 없음 | U5: 데이터 없음 | V5: 판매없음
A6: 4 | B6: 2302396 | C6: (단종)[세트포장재_슬리브]멜라비타씨토너_한가인싸인(판촉몰) | D6: 0 | E6: 0 | F6: 0 | G6: 0 | H6: 0 | I6: 13500 | J6: 0 | K6: 13500 | L6: 13500 | M6: 0 | N6: 계획없음 | O6: 0 | R6: 일평균소진없음 | T6: 데이터 없음 | U6: 데이터 없음 | V6: 판매없음
A7: 5 | B7: 2302427 | C7: (단종)[세트포장재_슬리브]기미앰플1ml+더마니들1구_한가인싸인(판촉몰) | D7: 0 | E7: 0 | F7: 0 | G7: 0 | H7: 0 | I7: 17549 | J7: 0 | K7: 17549 | L7: 17549 | M7: 0 | N7: 계획없음 | O7: 0 | R7: 일평균소진없음 | T7: 데이터 없음 | U7: 데이터 없음 | V7: 판매없음
A8: 6 | B8: 2302428 | C8: (단종)[세트포장재]이지듀2024가정의달vIP싸바리_쇼핑백 | D8: 0 | E8: 0 | F8: 0 | G8: 0 | H8: 0 | I8: 4 | J8: 0 | K8: 4 | L8: 4 | M8: 0 | N8: 계획없음 | O8: 0 | R8: 일평균소진없음 | T8: 데이터 없음 | U8: 데이터 없음 | V8: 판매없음
A9: 7 | B9: 2302436 | C9: (단종)[세트포장재]더마톡스니들롤러대_단상자 | D9: 0 | E9: 0 | F9: 0 | G9: 0 | H9: 0 | I9: 5226 | J9: 0 | K9: 5226 | L9: 5226 | M9: 0 | N9: 계획없음 | O9: 0 | R9: 일평균소진없음 | T9: 데이터 없음 | U9: 데이터 없음 | V9: 판매없음
A10: 8 | B10: 2302564 | C10: (단종)[세트포장재]멜라_라필프로페셔널툴즈키트_단상자 | D10: 0 | E10: 0 | F10: 0 | G10: 0 | H10: 0 | I10: 2000 | J10: 0 | K10: 2000 | L10: 2000 | M10: 0 | N10: 계획없음 | O10: 0 | R10: 일평균소진없음 | T10: 데이터 없음 | U10: 데이터 없음 | V10: 판매없음
A11: 9 | B11: 2302650 | C11: [세트포장재_싸바리박스]멜라3스텝_명절용스페셜세트 | D11: 0 | E11: 0 | F11: 0 | G11: 0 | H11: 0 | I11: 303 | J11: 0 | K11: 303 | L11: 303 | M11: 0 | N11: 계획없음 | O11: 0 | R11: 일평균소진없음 | T11: 데이터 없음 | U11: 데이터 없음 | V11: 판매없음
A12: 10 | B12: 2302671 | C12: (단종)[세트포장재_슬리브]스킨부스터_나이아신앰플 | D12: 0 | E12: 0 | F12: 0 | G12: 0 | H12: 0 | I12: 4029 | J12: 0 | K12: 4029 | L12: 4029 | M12: 0 | N12: 계획없음 | O12: 0 | R12: 일평균소진없음 | T12: 데이터 없음 | U12: 데이터 없음 | V12: 판매없음
A13: 11 | B13: 2302672 | C13: (단종)[세트포장재_슬리브]스킨부스터_피디알엔앰플 | D13: 0 | E13: 0 | F13: 0 | G13: 0 | H13: 0 | I13: 4114 | J13: 0 | K13: 4114 | L13: 4114 | M13: 0 | N13: 계획없음 | O13: 0 | R13: 일평균소진없음 | T13: 데이터 없음 | U13: 데이터 없음 | V13: 판매없음
... A21: 19 | B21: 2302997 | C21: [판촉물_부자재]멜라토닝 VIP 고급 대관세트(2025)_리플렛 | D21: 0 | E21: 0 | F21: 0 | G21: 0 | H21: 0 | I21: 185 | J21: 0 | K21: 185 | L21: 185 | M21: 0 | N21: 계획없음 | O21: 0 | R21: 일평균소진없음 | T21: 데이터 없음 | U21: 데이터 없음 | V21: 판매없음
A22: 20 | B22: 2303084 | C22: [EA]이지듀멜라비토닝미스트로즈쇼핑백 | D22: 0 | E22: 1023.4295 | F22: 0 | G22: 0 | H22: 0 | I22: 6943 | J22: 0 | K22: 6949 | L22: 6943 | M22: 10 | N22: 6.7840533 | O22: 1.4285714 | P22: 4860.1 | R22: 4864.3 | S22: 2039-07-29 | T22: 과재고 | U22: 데이터 없음 | V22: 안전
A23: 21 | B23: 2303245 | C23: (단종)[세트포장재]앰플쿠션_19호_면세세트(본품+리필2)_단상자_v3 | D23: 0 | E23: 0 | F23: 0 | G23: 0 | H23: 0 | I23: 705 | J23: 0 | K23: 705 | L23: 705 | M23: 0 | N23: 계획없음 | O23: 0 | R23: 일평균소진없음 | T23: 데이터 없음 | U23: 데이터 없음 | V23: 판매없음
A24: 22 | B24: 2303246 | C24: (단종)[세트포장재]앰플쿠션_21호_면세세트(본품+리필2)_단상자_v3 | D24: 0 | E24: 0 | F24: 0 | G24: 0 | H24: 0 | I24: 1023 | J24: 0 | K24: 1023 | L24: 1023 | M24: 0 | N24: 계획없음 | O24: 0 | R24: 일평균소진없음 | T24: 데이터 없음 | U24: 데이터 없음 | V24: 판매없음
A25: 23 | B25: 2303247 | C25: (단종)[세트포장재]앰플쿠션_23호_면세세트(본품+리필2)_단상자_v3 | D25: 0 | E25: 0 | F25: 0 | G25: 0 | H25: 0 | I25: 715 | J25: 0 | K25: 715 | L25: 715 | M25: 0 | N25: 계획없음 | O25: 0 | R25: 일평균소진없음 | T25: 데이터 없음 | U25: 데이터 없음 | V25: 판매없음
A26: 24 | B26: 2303248 | C26: 이지듀멜라비토닝원데이앰플로즈에디션_세트단상자(박스형) | D26: 0 | E26: 0 | F26: 0 | G26: 0 | H26: 0 | I26: 14285 | J26: 0 | K26: 14385 | L26: 14285 | M26: 0 | N26: 계획없음 | O26: 0 | R26: 일평균소진없음 | T26: 데이터 없음 | U26: 데이터 없음 | V26: 판매없음
A27: 25 | B27: 2303273 | C27: (단종)[세트포장재]멜라B_선세럼_40ml더블기획(면세)_세트단상자 | D27: 0 | E27: 0 | F27: 0 | G27: 0 | H27: 0 | I27: 1100 | J27: 0 | K27: 1100 | L27: 1100 | M27: 0 | N27: 계획없음 | O27: 0 | R27: 일평균소진없음 | T27: 데이터 없음 | U27: 데이터 없음 | V27: 판매없음
A28: 26 | B28: 2303293 | C28: (단종)[세트포장재]비타_앰플클렌저_200ml_단상자 | D28: 0 | E28: 0 | F28: 0 | G28: 0 | H28: 0 | I28: 1100 | J28: 0 | K28: 1100 | L28: 1100 | M28: 0 | N28: 계획없음 | O28: 0 | R28: 일평균소진없음 | T28: 데이터 없음 | U28: 데이터 없음 | V28: 판매없음
A29: 27 | B29: 2303297 | C29: (단종)[세트포장재]클리어_에스오에스_스팟15ml_단상자 | D29: 0 | E29: 0 | F29: 0 | G29: 0 | H29: 0 | I29: 4900 | J29: 0 | K29: 4900 | L29: 4900 | M29: 0 | N29: 계획없음 | O29: 0 | R29: 일평균소진없음 | T29: 데이터 없음 | U29: 데이터 없음 | V29: 판매없음
A30: 28 | B30: 2303299 | C30: (단종)[세트포장재]클리어_B3+B5세럼29ml_단상자 | D30: 0 | E30: 0 | F30: 0 | G30: 0 | H30: 0 | I30: 4500 | J30: 0 | K30: 4500 | L30: 4500 | M30: 0 | N30: 계획없음 | O30: 0 | R30: 일평균소진없음 | T30: 데이터 없음 | U30: 데이터 없음 | V30: 판매없음
A31: 29 | B31: 2303300 | C31: (단종)[세트포장재]클리어_아하2%토너200ml_단상자 | D31: 0 | E31: 0 | F31: 0 | G31: 0 | H31: 0 | I31: 1000 | J31: 0 | K31: 1000 | L31: 1000 | M31: 0 | N31: 계획없음 | O31: 0 | R31: 일평균소진없음 | T31: 데이터 없음 | U31: 데이터 없음 | V31: 판매없음
A32: 30 | B32: 2303301 | C32: (단종)[세트포장재]클리어_바하클렌저100ml_단상자 | D32: 0 | E32: 0 | F32: 0 | G32: 0 | H32: 0 | I32: 1000 | J32: 0 | K32: 1000 | L32: 1000 | M32: 0 | N32: 계획없음 | O32: 0 | R32: 일평균소진없음 | T32: 데이터 없음 | U32: 데이터 없음 | V32: 판매없음
A33: 31 | B33: 2303302 | C33: (단종)[세트포장재]클리어_라하바디미스트100ml_단상자 | D33: 0 | E33: 0 | F33: 0 | G33: 0 | H33: 0 | I33: 1000 | J33: 0 | K33: 1000 | L33: 1000 | M33: 0 | N33: 계획없음 | O33: 0 | R33: 일평균소진없음 | T33: 데이터 없음 | U33: 데이터 없음 | V33: 판매없음
A34: 32 | B34: 2303304 | C34: (단종)[세트포장재]클리어_바하바디클렌저300g_단상자 | D34: 0 | E34: 0 | F34: 0 | G34: 0 | H34: 0 | I34: 1000 | J34: 0 | K34: 1000 | L34: 1000 | M34: 0 | N34: 계획없음 | O34: 0 | R34: 일평균소진없음 | T34: 데이터 없음 | U34: 데이터 없음 | V34: 판매없음
... A90: 88 | B90: 7001011 | C90: [판촉물_상품]실리콘클렌징브러쉬(비비또)_오렌지 | D90: 0 | E90: 0 | F90: 0 | G90: 0 | H90: 0 | I90: 467 | J90: 0 | K90: 467 | L90: 467 | M90: 0 | N90: 계획없음 | O90: 0 | R90: 일평균소진없음 | T90: 데이터 없음 | U90: 데이터 없음 | V90: 판매없음
A91: 89 | B91: 7001012 | C91: [판촉물_상품]클렌징브러쉬듀오 | D91: 0 | E91: 0 | F91: 0 | G91: 0 | H91: 0 | I91: 4245 | J91: 0 | K91: 4245 | L91: 4245 | M91: 6 | N91: 계획없음 | O91: 0.85714286 | P91: 4952.5 | R91: 4952.5 | S91: 2039-10-29 | T91: 과재고 | U91: 데이터 없음 | V91: 안전
A92: 90 | B92: 7001034 | C92: 페이스템C(0.8CC*2EA) | D92: 0 | E92: 0 | F92: 0 | G92: 0 | H92: 0 | I92: 0 | J92: 0 | K92: 0 | L92: 0 | M92: 0 | N92: 계획없음 | O92: 0 | R92: 일평균소진없음 | T92: 데이터 없음 | U92: 데이터 없음 | V92: 판매없음
A93: 91 | B93: 7001039 | C93: 지젤리뉴유니버셜(1CC*2EA) | D93: 0 | E93: 0 | F93: 0 | G93: 0 | H93: 0 | I93: 0 | J93: 0 | K93: 0 | L93: 0 | M93: 0 | N93: 계획없음 | O93: 0 | R93: 일평균소진없음 | T93: 데이터 없음 | U93: 데이터 없음 | V93: 판매없음
A94: 92 | B94: 7001042 | C94: 나보타주1VI*1EA(100U)-DNC | D94: 0 | E94: 0 | F94: 0 | G94: 0 | H94: 0 | I94: 0 | J94: 0 | K94: 0 | L94: 0 | M94: 0 | N94: 계획없음 | O94: 0 | R94: 일평균소진없음 | T94: 데이터 없음 | U94: 데이터 없음 | V94: 판매없음
A95: 93 | B95: 7001045 | C95: 나보타주1V*1EA(150U)-DNC | D95: 0 | E95: 0 | F95: 0 | G95: 0 | H95: 0 | I95: 0 | J95: 0 | K95: 0 | L95: 0 | M95: 0 | N95: 계획없음 | O95: 0 | R95: 일평균소진없음 | T95: 데이터 없음 | U95: 데이터 없음 | V95: 판매없음
A96: 94 | B96: 7001046 | C96: 나보타주1V*1EA(200U)-DNC | D96: 0 | E96: 0 | F96: 0 | G96: 0 | H96: 0 | I96: 0 | J96: 0 | K96: 0 | L96: 0 | M96: 0 | N96: 계획없음 | O96: 0 | R96: 일평균소진없음 | T96: 데이터 없음 | U96: 데이터 없음 | V96: 판매없음
A97: 95 | B97: 7001047 | C97: 나보타주1V*1EA(50U)-DNC | D97: 0 | E97: 0 | F97: 0 | G97: 0 | H97: 0 | I97: 0 | J97: 0 | K97: 0 | L97: 0 | M97: 0 | N97: 계획없음 | O97: 0 | R97: 일평균소진없음 | T97: 데이터 없음 | U97: 데이터 없음 | V97: 판매없음
A98: 96 | B98: 7300266 | C98: 이지덤뷰티 뷰티 42매 (파우치, 온라인) | D98: 0 | E98: 0 | F98: 0 | G98: 0 | H98: 0 | I98: 0 | J98: 0 | K98: 0 | L98: 0 | M98: 0 | N98: 계획없음 | O98: 0 | R98: 일평균소진없음 | T98: 데이터 없음 | U98: 데이터 없음 | V98: 판매없음
A99: 97 | B99: 7300313 | C99: VOM V (1.0ml*2) | D99: 0 | E99: 0 | F99: 0 | G99: 0 | H99: 0 | I99: 0 | J99: 0 | K99: 0 | L99: 0 | M99: 0 | N99: 계획없음 | O99: 0 | R99: 일평균소진없음 | T99: 데이터 없음 | U99: 데이터 없음 | V99: 판매없음
A100: 98 | B100: 7300314 | C100: VOM O (1.0ml*2) | D100: 0 | E100: 0 | F100: 0 | G100: 0 | H100: 0 | I100: 0 | J100: 0 | K100: 0 | L100: 0 | M100: 0 | N100: 계획없음 | O100: 0 | R100: 일평균소진없음 | T100: 데이터 없음 | U100: 데이터 없음 | V100: 판매없음
A101: 99 | B101: 7300315 | C101: VOM M (1.0ml*2) | D101: 0 | E101: 0 | F101: 0 | G101: 0 | H101: 0 | I101: 0 | J101: 0 | K101: 0 | L101: 0 | M101: 0 | N101: 계획없음 | O101: 0 | R101: 일평균소진없음 | T101: 데이터 없음 | U101: 데이터 없음 | V101: 판매없음
A102: 100 | B102: 7300398 | C102: 지젤리뉴시그니처1(1CC*2EA) | D102: 0 | E102: 0 | F102: 0 | G102: 0 | H102: 0 | I102: 0 | J102: 0 | K102: 0 | L102: 0 | M102: 0 | N102: 계획없음 | O102: 0 | R102: 일평균소진없음 | T102: 데이터 없음 | U102: 데이터 없음 | V102: 판매없음
A103: 101 | B103: 7300399 | C103: 에일린17(1CC*2EA) | D103: 0 | E103: 0 | F103: 0 | G103: 0 | H103: 0 | I103: 0 | J103: 0 | K103: 0 | L103: 0 | M103: 0 | N103: 계획없음 | O103: 0 | R103: 일평균소진없음 | T103: 데이터 없음 | U103: 데이터 없음 | V103: 판매없음
... A106: 104 | B106: 7300454 | C106: 지젤리뉴시그니처2(1CC*2EA) | D106: 0 | E106: 0 | F106: 0 | G106: 0 | H106: 0 | I106: 0 | J106: 0 | K106: 0 | L106: 0 | M106: 0 | N106: 계획없음 | O106: 0 | R106: 일평균소진없음 | T106: 데이터 없음 | U106: 데이터 없음 | V106: 판매없음
A107: 105 | B107: 7300456 | C107: 0 | D107: 0 | E107: 0 | F107: 0 | G107: 0 | H107: 0 | I107: 164228 | J107: 0 | K107: 164251 | L107: 164228 | M107: 7903 | N107: 계획없음 | O107: 1129 | P107: 145.46324 | R107: 145.48361 | S107: 2026-08-31 | T107: 과재고 | U107: 데이터 없음 | V107: 안전
A108: 106 | B108: 7300486 | C108: 미운영) 이지덤뷰티 릴리프(코바스) 42매 (파우치, 온라인) | D108: 0 | E108: 0 | F108: 0 | G108: 0 | H108: 0 | I108: 0 | J108: 0 | K108: 0 | L108: 0 | M108: 0 | N108: 계획없음 | O108: 0 | R108: 일평균소진없음 | T108: 데이터 없음 | U108: 데이터 없음 | V108: 판매없음
A109: 107 | B109: 7300502 | C109: 0 | D109: 0 | E109: 0 | F109: 0 | G109: 0 | H109: 0 | I109: 0 | J109: 0 | K109: 0 | L109: 0 | M109: 0 | N109: 계획없음 | O109: 0 | R109: 일평균소진없음 | T109: 데이터 없음 | U109: 데이터 없음 | V109: 판매없음
A110: 108 | B110: 7300532 | C110: 이지덤뷰티 니들케어 4매(온라인/기타)(중단) | D110: 0 | E110: 0 | F110: 0 | G110: 0 | H110: 0 | I110: 0 | J110: 0 | K110: 0 | L110: 0 | M110: 0 | N110: 계획없음 | O110: 0 | R110: 일평균소진없음 | T110: 데이터 없음 | U110: 데이터 없음 | V110: 판매없음
A111: 109 | B111: 7300640 | C111: 페이스템C(0.3CC*2EA) | D111: 0 | E111: 0 | F111: 0 | G111: 0 | H111: 0 | I111: 0 | J111: 0 | K111: 0 | L111: 0 | M111: 0 | N111: 계획없음 | O111: 0 | R111: 일평균소진없음 | T111: 데이터 없음 | U111: 데이터 없음 | V111: 판매없음
A112: 110 | B112: 7300647 | C112: (단종)[판촉물]DWEGF_유브이컨트롤_아웃도어패치_리플렛 | D112: 0 | E112: 0 | F112: 0 | G112: 0 | H112: 0 | I112: 0 | J112: 0 | K112: 0 | L112: 0 | M112: 0 | N112: 계획없음 | O112: 0 | R112: 일평균소진없음 | T112: 데이터 없음 | U112: 데이터 없음 | V112: 판매없음
A113: 111 | B113: 7300665 | C113: 브이올렛주(2ml*5vial) | D113: 0 | E113: 0 | F113: 0 | G113: 0 | H113: 0 | I113: 0 | J113: 0 | K113: 0 | L113: 0 | M113: 0 | N113: 계획없음 | O113: 0 | R113: 일평균소진없음 | T113: 데이터 없음 | U113: 데이터 없음 | V113: 판매없음
A114: 112 | B114: 7300666 | C114: [OBL]VOM V (1.0ml*2) | D114: 0 | E114: 0 | F114: 0 | G114: 0 | H114: 0 | I114: 0 | J114: 0 | K114: 0 | L114: 0 | M114: 0 | N114: 계획없음 | O114: 0 | R114: 일평균소진없음 | T114: 데이터 없음 | U114: 데이터 없음 | V114: 판매없음
A115: 113 | B115: 7300667 | C115: [OBL]VOM M (1.0ml*2) | D115: 0 | E115: 0 | F115: 0 | G115: 0 | H115: 0 | I115: 0 | J115: 0 | K115: 0 | L115: 0 | M115: 0 | N115: 계획없음 | O115: 0 | R115: 일평균소진없음 | T115: 데이터 없음 | U115: 데이터 없음 | V115: 판매없음
A116: 114 | B116: 7300668 | C116: [OBL]VOM O (1.0ml*2) | D116: 0 | E116: 0 | F116: 0 | G116: 0 | H116: 0 | I116: 0 | J116: 0 | K116: 0 | L116: 0 | M116: 0 | N116: 계획없음 | O116: 0 | R116: 일평균소진없음 | T116: 데이터 없음 | U116: 데이터 없음 | V116: 판매없음
A117: 115 | B117: 7300670 | C117: 바이탈썸 멀티비타민 올인원 30(정)(중단) | D117: 0 | E117: 0 | F117: 0 | G117: 0 | H117: 0 | I117: 0 | J117: 0 | K117: 0 | L117: 0 | M117: 0 | N117: 계획없음 | O117: 0 | R117: 일평균소진없음 | T117: 데이터 없음 | U117: 데이터 없음 | V117: 판매없음
A118: 116 | B118: 7300681 | C118: (단종)[판촉물]RX_소비자용리플렛_8P(JP) | D118: 0 | E118: 0 | F118: 0 | G118: 0 | H118: 0 | I118: 0 | J118: 0 | K118: 0 | L118: 0 | M118: 0 | N118: 계획없음 | O118: 0 | R118: 일평균소진없음 | T118: 데이터 없음 | U118: 데이터 없음 | V118: 판매없음
A119: 117 | B119: 7300729 | C119: [판촉물_상품]이지덤 뷰티 42매(낱개) | D119: 0 | E119: 0 | F119: 0 | G119: 0 | H119: 0 | I119: 0 | J119: 0 | K119: 0 | L119: 0 | M119: 0 | N119: 계획없음 | O119: 0 | R119: 일평균소진없음 | T119: 데이터 없음 | U119: 데이터 없음 | V119: 판매없음
A120: 118 | B120: 7300761 | C120: [판촉물_상품]이지덤뷰티릴리프_42매 | D120: 0 | E120: 0 | F120: 0 | G120: 0 | H120: 0 | I120: 0 | J120: 0 | K120: 0 | L120: 0 | M120: 0 | N120: 계획없음 | O120: 0 | R120: 일평균소진없음 | T120: 데이터 없음 | U120: 데이터 없음 | V120: 판매없음
A121: 119 | B121: 7300762 | C121: [판촉물_상품]이지덤뷰티니들케어_4매 | D121: 0 | E121: 0 | F121: 0 | G121: 0 | H121: 0 | I121: 0 | J121: 0 | K121: 0 | L121: 0 | M121: 0 | N121: 계획없음 | O121: 0 | R121: 일평균소진없음 | T121: 데이터 없음 | U121: 데이터 없음 | V121: 판매없음
... A131: 129 | B131: 7300928 | C131: (단종)[판촉물_선물박스]3종손잡이케이스_135*47*190(판촉몰) | D131: 0 | E131: 0 | F131: 0 | G131: 0 | H131: 0 | I131: 0 | J131: 0 | K131: 0 | L131: 0 | M131: 0 | N131: 계획없음 | O131: 0 | R131: 일평균소진없음 | T131: 데이터 없음 | U131: 데이터 없음 | V131: 판매없음
A132: 130 | B132: 7301041 | C132: [임가공]DWEGF_니들롤러대(단상자없음) | D132: 50.667 | E132: 0 | F132: 0 | G132: 0 | H132: 0 | I132: 0 | J132: 0 | K132: 7031 | L132: 0 | M132: 0 | N132: 계획없음 | O132: 0 | Q132: 0 | R132: 일평균소진없음 | T132: 데이터 없음 | U132: 위험 | V132: 판매없음
A133: 131 | B133: 7301047 | C133: [판촉물_부자재][EA]대형쇼핑백(고급)(28*7.5*32)_판매용 | D133: 0 | E133: 0 | F133: 0 | G133: 0 | H133: 0 | I133: 0 | J133: 0 | K133: 0 | L133: 0 | M133: 0 | N133: 계획없음 | O133: 0 | R133: 일평균소진없음 | T133: 데이터 없음 | U133: 데이터 없음 | V133: 판매없음
A134: 132 | B134: 7301049 | C134: 시지바이오_이지듀MD크림_85g | D134: 154.667 | E134: 154.44802 | F134: 40 | G134: 25.862013 | H134: 25.898682 | I134: 1199 | J134: 0 | K134: 1199 | L134: 1199 | M134: 40 | N134: 7.7631298 | O134: 5.7142857 | P134: 209.825 | Q134: 232.56415 | R134: 209.825 | S134: 2026-11-03 | T134: 과재고 | U134: 과재고 | V134: 안전
A135: 133 | B135: 7301162 | C135: (단종)[판촉물_선물박스]리본고리케이스_소형(판촉몰) | D135: 0 | E135: 0 | F135: 0 | G135: 0 | H135: 0 | I135: 180 | J135: 0 | K135: 180 | L135: 180 | M135: 0 | N135: 계획없음 | O135: 0 | R135: 일평균소진없음 | T135: 데이터 없음 | U135: 데이터 없음 | V135: 판매없음
A136: 134 | B136: 7301222 | C136: [판촉물_부자재]이지듀공용VIP3종세트케이스_판매용 | D136: 0 | E136: 0 | F136: 0 | G136: 0 | H136: 0 | I136: 0 | J136: 0 | K136: 0 | L136: 0 | M136: 0 | N136: 계획없음 | O136: 0 | R136: 일평균소진없음 | T136: 데이터 없음 | U136: 데이터 없음 | V136: 판매없음
A137: 135 | B137: 7301223 | C137: [판촉물_부자재]이지듀공용VIP5종세트케이스_판매용 | D137: 0 | E137: 0 | F137: 0 | G137: 0 | H137: 0 | I137: 0 | J137: 0 | K137: 0 | L137: 0 | M137: 0 | N137: 계획없음 | O137: 0 | R137: 일평균소진없음 | T137: 데이터 없음 | U137: 데이터 없음 | V137: 판매없음
A138: 136 | B138: 7301234 | C138: (단종)[판촉물]클리어_아쿠네필해면스펀지 | D138: 0 | E138: 0 | F138: 0 | G138: 0 | H138: 0 | I138: 1 | J138: 0 | K138: 1 | L138: 1 | M138: 0 | N138: 계획없음 | O138: 0 | R138: 일평균소진없음 | T138: 데이터 없음 | U138: 데이터 없음 | V138: 판매없음
A139: 137 | B139: 7301237 | C139: (단종)[판촉물_쇼핑백]소형쇼핑백_둥근종이끈_200*80*200 | D139: 2504.667 | E139: 184.40713 | F139: 0 | G139: 0 | H139: 0 | I139: 1149 | J139: 0 | K139: 1254 | L139: 1149 | M139: 0 | N139: 6.2307787 | O139: 0 | Q139: 13.762309 | R139: 일평균소진없음 | T139: 데이터 없음 | U139: 위험 | V139: 판매없음
A140: 138 | B140: 7301305 | C140: [판촉물_샘플]대웅제약에너씨슬퍼펙트샷이뮨플러스(1개입) | D140: 0 | E140: 0 | F140: 0 | G140: 0 | H140: 0 | I140: 0 | J140: 0 | K140: 0 | L140: 0 | M140: 0 | N140: 계획없음 | O140: 0 | R140: 일평균소진없음 | T140: 데이터 없음 | U140: 데이터 없음 | V140: 판매없음
A141: 139 | B141: 7301306 | C141: (단종)[판촉물]신규회원1만원쿠폰_공구용(초록) | D141: 0 | E141: 0 | F141: 0 | G141: 0 | H141: 0 | I141: 0 | J141: 0 | K141: 0 | L141: 0 | M141: 0 | N141: 계획없음 | O141: 0 | R141: 일평균소진없음 | T141: 데이터 없음 | U141: 데이터 없음 | V141: 판매없음
A142: 140 | B142: 7301307 | C142: 용역비 | D142: 0 | E142: 0 | F142: 0 | G142: 0 | H142: 0 | I142: 500000000 | J142: 0 | K142: 500000000 | L142: 500000000 | M142: 0 | N142: 계획없음 | O142: 0 | R142: 일평균소진없음 | T142: 데이터 없음 | U142: 데이터 없음 | V142: 판매없음
A143: 141 | B143: 7301308 | C143: 용역비코드 | D143: 0 | E143: 0 | F143: 0 | G143: 0 | H143: 0 | I143: 499999988 | J143: 0 | K143: 499999988 | L143: 499999988 | M143: 0 | N143: 계획없음 | O143: 0 | R143: 일평균소진없음 | T143: 데이터 없음 | U143: 데이터 없음 | V143: 판매없음
A144: 142 | B144: 7301343 | C144: (단종)[판촉물]대웅제약에너씨슬퍼펙트샷_상품권 | D144: 0 | E144: 0 | F144: 0 | G144: 0 | H144: 0 | I144: 0 | J144: 0 | K144: 0 | L144: 0 | M144: 0 | N144: 계획없음 | O144: 0 | R144: 일평균소진없음 | T144: 데이터 없음 | U144: 데이터 없음 | V144: 판매없음
A145: 143 | B145: 7301344 | C145: [판촉물_상품][EA]DW-EGF엠티에스롤러대 | D145: 0 | E145: 0 | F145: 0 | G145: 0 | H145: 0 | I145: 0 | J145: 0 | K145: 0 | L145: 0 | M145: 0 | N145: 계획없음 | O145: 0 | R145: 일평균소진없음 | T145: 데이터 없음 | U145: 데이터 없음 | V145: 판매없음
A146: 144 | B146: 7301347 | C146: [판촉물_박스]옐로우플라워_이지듀가정의달세트 | D146: 0 | E146: 0 | F146: 0 | G146: 0 | H146: 0 | I146: 80 | J146: 0 | K146: 80 | L146: 80 | M146: 0 | N146: 계획없음 | O146: 0 | R146: 일평균소진없음 | T146: 데이터 없음 | U146: 데이터 없음 | V146: 판매없음
A147: 145 | B147: 7301348 | C147: (단종)[판촉물_선물박스]옐로우플라워_이지듀가정의달세트_손잡이형 | D147: 122.667 | E147: 0 | F147: 0 | G147: 0 | H147: 0 | I147: 0 | J147: 0 | K147: 0 | L147: 0 | M147: 0 | N147: 계획없음 | O147: 0 | Q147: 0 | R147: 일평균소진없음 | T147: 데이터 없음 | U147: 위험 | V147: 판매없음
A148: 146 | B148: 7301349 | C148: [판촉물_상품]이지듀가정의달세트_싸바리 | D148: 0 | E148: 0 | F148: 0 | G148: 0 | H148: 0 | I148: 0 | J148: 0 | K148: 0 | L148: 0 | M148: 0 | N148: 계획없음 | O148: 0 | R148: 일평균소진없음 | T148: 데이터 없음 | U148: 데이터 없음 | V148: 판매없음
A149: 147 | B149: 7301365 | C149: [판촉물_샘플]대웅제약에너씨슬퍼펙트샷4개입 | D149: 0 | E149: 0 | F149: 0 | G149: 0 | H149: 0 | I149: 0 | J149: 0 | K149: 0 | L149: 0 | M149: 0 | N149: 계획없음 | O149: 0 | R149: 일평균소진없음 | T149: 데이터 없음 | U149: 데이터 없음 | V149: 판매없음
A150: 148 | B150: 7301441 | C150: (단종)DWEGF_더마톡스_니들롤러대_(단품) | D150: 0 | E150: 0 | F150: 0 | G150: 0 | H150: 0 | I150: 180 | J150: 0 | K150: 180 | L150: 180 | M150: 0 | N150: 계획없음 | O150: 0 | R150: 일평균소진없음 | T150: 데이터 없음 | U150: 데이터 없음 | V150: 판매없음
A151: 149 | B151: 7301442 | C151: [EA]디더블유EGF엠티에스롤러대AD(2024) | D151: 0 | E151: 0 | F151: 0 | G151: 0 | H151: 0 | I151: 0 | J151: 0 | K151: 0 | L151: 0 | M151: 0 | N151: 계획없음 | O151: 0 | R151: 일평균소진없음 | T151: 데이터 없음 | U151: 데이터 없음 | V151: 판매없음
A152: 150 | B152: 7301465 | C152: 코드 삭제 | D152: 0 | E152: 0 | F152: 0 | G152: 0 | H152: 0 | I152: 0 | J152: 0 | K152: 0 | L152: 0 | M152: 0 | N152: 계획없음 | O152: 0 | R152: 일평균소진없음 | T152: 데이터 없음 | U152: 데이터 없음 | V152: 판매없음
A153: 151 | B153: 7301466 | C153: [EA]디더블유이지에프엠티에스롤러대(미품) | D153: 0 | E153: 0 | F153: 0 | G153: 0 | H153: 0 | I153: 0 | J153: 0 | K153: 0 | L153: 0 | M153: 0 | N153: 계획없음 | O153: 0 | R153: 일평균소진없음 | T153: 데이터 없음 | U153: 데이터 없음 | V153: 판매없음
A154: 152 | B154: 7301514 | C154: (단종)[판촉물_선물박스]삼각형리본끈쇼핑백(카카오선물) | D154: 26.667 | E154: 1000 | F154: 0 | G154: 0 | H154: 0 | I154: 3608 | J154: 0 | K154: 3608 | L154: 3608 | M154: 0 | N154: 3.608 | O154: 0 | Q154: 4058.9493 | R154: 일평균소진없음 | T154: 데이터 없음 | U154: 과재고 | V154: 판매없음
A155: 153 | B155: 7301542 | C155: DWEGF_니들롤러대(단상자없음) | D155: 839.333 | E155: 470.53727 | F155: 66 | G155: 7.8633868 | H155: 14.026519 | I155: 23237 | J155: 0 | K155: 23614 | L155: 23237 | M155: 65 | N155: 49.383974 | O155: 9.2857143 | P155: 2502.4462 | Q155: 830.55236 | R155: 2543.0462 | S155: 2033-02-12 | T155: 과재고 | U155: 과재고 | V155: 안전
A156: 154 | B156: 7301569 | C156: 가정의 달 선물세트 엽서_(수정) | D156: 0 | E156: 0 | F156: 0 | G156: 0 | H156: 0 | I156: 0 | J156: 0 | K156: 0 | L156: 0 | M156: 0 | N156: 계획없음 | O156: 0 | R156: 일평균소진없음 | T156: 데이터 없음 | U156: 데이터 없음 | V156: 판매없음
A157: 155 | B157: 7301580 | C157: 멜라라필_브러쉬1ea | D157: 0 | E157: 0 | F157: 0 | G157: 0 | H157: 0 | I157: 1040 | J157: 0 | K157: 1040 | L157: 1040 | M157: 0 | N157: 계획없음 | O157: 0 | R157: 일평균소진없음 | T157: 데이터 없음 | U157: 데이터 없음 | V157: 판매없음
A158: 156 | B158: 7301591 | C158: (단종)[판촉물]레티놀배송지연엽서 | D158: 0 | E158: 0 | F158: 0 | G158: 0 | H158: 0 | I158: 107 | J158: 0 | K158: 107 | L158: 107 | M158: 0 | N158: 계획없음 | O158: 0 | R158: 일평균소진없음 | T158: 데이터 없음 | U158: 데이터 없음 | V158: 판매없음
A159: 157 | B159: 7301695 | C159: 멜라라필_실리콘볼1ea | D159: 0 | E159: 0 | F159: 0 | G159: 0 | H159: 0 | I159: 5005 | J159: 0 | K159: 5005 | L159: 5005 | M159: 0 | N159: 계획없음 | O159: 0 | R159: 일평균소진없음 | T159: 데이터 없음 | U159: 데이터 없음 | V159: 판매없음
A160: 158 | B160: 7301709 | C160: [판촉물_샘플]대웅제약에너씨슬다이어트샷제로(10개입)*1ea | D160: 0 | E160: 0 | F160: 0 | G160: 0 | H160: 0 | I160: 0 | J160: 0 | K160: 0 | L160: 0 | M160: 0 | N160: 계획없음 | O160: 0 | R160: 일평균소진없음 | T160: 데이터 없음 | U160: 데이터 없음 | V160: 판매없음
A161: 159 | B161: 7301710 | C161: [판촉물_샘플]대웅제약에너씨슬다이어트샷제로(10개입)*3ea | D161: 0 | E161: 0 | F161: 0 | G161: 0 | H161: 0 | I161: 0 | J161: 0 | K161: 0 | L161: 0 | M161: 0 | N161: 계획없음 | O161: 0 | R161: 일평균소진없음 | T161: 데이터 없음 | U161: 데이터 없음 | V161: 판매없음
A162: 160 | B162: 7301711 | C162: [판촉물_샘플]대웅제약에너씨슬다이어트샷제로(10개입)*9ea | D162: 0 | E162: 0 | F162: 0 | G162: 0 | H162: 0 | I162: 0 | J162: 0 | K162: 0 | L162: 0 | M162: 0 | N162: 계획없음 | O162: 0 | R162: 일평균소진없음 | T162: 데이터 없음 | U162: 데이터 없음 | V162: 판매없음
A163: 161 | B163: 7301742 | C163: 멜라라필_툴즈키트(브러쉬,실리콘볼) | D163: 26.333 | E163: 60 | F163: 0 | G163: 0 | H163: 0 | I163: 133 | J163: 0 | K163: 10602 | L163: 133 | M163: 0 | N163: 2.2166667 | O163: 0 | Q163: 151.52091 | R163: 일평균소진없음 | T163: 데이터 없음 | U163: 과재고 | V163: 판매없음
A164: 162 | B164: 7301750 | C164: (단종)[판촉물_엽서]한가인싸인 | D164: 0 | E164: 0 | F164: 0 | G164: 0 | H164: 0 | I164: 18910 | J164: 0 | K164: 18910 | L164: 18910 | M164: 0 | N164: 계획없음 | O164: 0 | R164: 일평균소진없음 | T164: 데이터 없음 | U164: 데이터 없음 | V164: 판매없음
A165: 163 | B165: 7301751 | C165: (단종)[판촉물_쇼핑백]24년추석_미니 | D165: 392 | E165: 23.906848 | F165: 0 | G165: 0 | H165: 0 | I165: 0 | J165: 2 | K165: 2 | L165: 2 | M165: 0 | N165: 0.083658039 | O165: 0 | Q165: 0.15306122 | R165: 일평균소진없음 | T165: 데이터 없음 | U165: 위험 | V165: 판매없음
A166: 164 | B166: 7301840 | C166: (단종)[세트포장재]RX_포스트레이저_워터풀수딩크림_50ml_단상자 | D166: 0 | E166: 0 | F166: 0 | G166: 0 | H166: 0 | I166: 0 | J166: 0 | K166: 0 | L166: 0 | M166: 0 | N166: 계획없음 | O166: 0 | R166: 일평균소진없음 | T166: 데이터 없음 | U166: 데이터 없음 | V166: 판매없음
A167: 165 | B167: 7301915 | C167: (단종)[판촉물_상품]그린구름빵파우치 | D167: 0 | E167: 0 | F167: 0 | G167: 0 | H167: 0 | I167: 332 | J167: 0 | K167: 382 | L167: 332 | M167: 0 | N167: 계획없음 | O167: 0 | R167: 일평균소진없음 | T167: 데이터 없음 | U167: 데이터 없음 | V167: 판매없음
A168: 166 | B168: 7301946 | C168: 이지듀 2025신년 패키지 SET 기미앰플 30ml * 6EA | D168: 0 | E168: 0 | F168: 0 | G168: 0 | H168: 0 | I168: 0 | J168: 0 | K168: 0 | L168: 0 | M168: 0 | N168: 계획없음 | O168: 0 | R168: 일평균소진없음 | T168: 데이터 없음 | U168: 데이터 없음 | V168: 판매없음
A169: 167 | B169: 7301947 | C169: (단종)[판촉물]대웅제약에너씨슬퍼펙트샷_4개입(증정) | D169: 0 | E169: 0 | F169: 0 | G169: 0 | H169: 0 | I169: 0 | J169: 0 | K169: 0 | L169: 0 | M169: 0 | N169: 계획없음 | O169: 0 | R169: 일평균소진없음 | T169: 데이터 없음 | U169: 데이터 없음 | V169: 판매없음
A170: 168 | B170: 7301959 | C170: (단종)[판촉물_쇼핑백]삼각보테가 | D170: 215 | E170: 0 | F170: 0 | G170: 0 | H170: 0 | I170: 26 | J170: 0 | K170: 26 | L170: 26 | M170: 0 | N170: 계획없음 | O170: 0 | Q170: 3.627907 | R170: 일평균소진없음 | T170: 데이터 없음 | U170: 위험 | V170: 판매없음
A171: 169 | B171: 7301960 | C171: (단종)[판촉물_상품]앰플쿠션퍼프_2개입 | D171: 0 | E171: 0 | F171: 0 | G171: 0 | H171: 0 | I171: 0 | J171: 0 | K171: 0 | L171: 0 | M171: 0 | N171: 계획없음 | O171: 0 | R171: 일평균소진없음 | T171: 데이터 없음 | U171: 데이터 없음 | V171: 판매없음
A172: 170 | B172: 7301981 | C172: 이지듀 2025신년 패키지 SET 항산화 30ml * 4EA | D172: 0 | E172: 0 | F172: 0 | G172: 0 | H172: 0 | I172: 0 | J172: 0 | K172: 0 | L172: 0 | M172: 0 | N172: 계획없음 | O172: 0 | R172: 일평균소진없음 | T172: 데이터 없음 | U172: 데이터 없음 | V172: 판매없음
A173: 171 | B173: 7301986 | C173: [판촉물_부자재] 멜라토닝 더블업 크림+앰플 기획세트(단상자)_25년설 | D173: 0 | E173: 0 | F173: 0 | G173: 0 | H173: 0 | I173: 0 | J173: 0 | K173: 0 | L173: 0 | M173: 0 | N173: 계획없음 | O173: 0 | R173: 일평균소진없음 | T173: 데이터 없음 | U173: 데이터 없음 | V173: 판매없음
...

Sheet 모니터링
K1: 월 기초일자(4월) | L1: 월 기말일자(4월) | M1: 경과일 | N1: 월 기간 | O1: 잔여일
K2: 46113 | L2: 46142 | M2: =DATEDIF(K2,TODAY(),"d") -> 7 | N2: =DATEDIF(K2,L2,"d") -> 29 | O2: =N2-M2 -> 22 | X2: 입고일수 및 남은 일수 수정필요
A3: ㅇ | B3: 제조사코드 | D3: 1 | E3: 2 | F3: 3 | G3: 4 | H3: 5 | I3: 6 | J3: 7 | K3: 8 | L3: 9 | M3: 10 | N3: 11 | O3: 12 | P3: 13 | Q3: 14 | R3: 15 | S3: 16 | T3: 17 | U3: 18 | V3: 19 | W3: 20 | X3: 21 | Y3: 22 | Z3: 23 | AA3: 24 | AB3: 25 | AC3: 26 | AD3: 27 | AE3: 28 | AF3: 29 | AG3: 30 | AH3: 31 | AI3: 32 | AJ3: 33 | AK3: 34 | AL3: 35 | AM3: 36 | AN3: 37 | AO3: 38 | AP3: 39 | AQ3: 40 | AR3: 41 | AS3: 42 | AT3: 43 | AU3: 44 | AV3: 45 | FL3: 0
A4: 대표품목 (대표품목 6개월) | B4: 품목구분 | C4: 구분 | D4: 수량(3월) | E4: 품목 | F4: 제조사 | G4: 포장재 | H4: 비고 | I4: 원가 | J4: 판가 | K4: =TODAY() -> 46120 | O4: 모니터링파일 | V4: 4월 | AC4: 3월 | AH4: 4월 | AM4: 5월 | AR4: 6월
K5: 5000 | L5: 6090 | M5: 오산+천지 재고 | N5: Total 재고 | O5: 재고 대응률 | P5: 입고수량 | Q5: 일평균소진 | R5: 오산+천지(일) | S5: TOTAL (일) | T5: 품절예상일 | U5: 위험도 | V5: 영업 FCST | W5: act. | X5: remaine | Y5: 생산 | Z5: 생산비고 | AA5: 기말재고 | AB5: 재고대응률 | AC5: 영업 FCST | AD5: 입고 | AE5: 생산비고 | AF5: 기말재고 | AG5: 재고대응률 | AH5: 영업 FCST | AI5: 입고 | AJ5: 생산비고 | AK5: 기말재고 | AL5: 재고대응률 | AM5: 영업 FCST | AN5: 입고 | AO5: 생산비고 | AP5: 기말재고 | AQ5: 재고대응률 | AR5: 영업 FCST | AS5: 입고 | AT5: 생산비고 | AU5: 기말재고 | AV5: 재고대응률
K6: 이지메디컴 | L6: 천지로지스 | V6: 4월취합 | W6: sales(판매현황) | X6: sales(잔여예측) | AC6: 3월취합 | AD6: 3월 | AH6: 3월취합 | AI6: 4월 | AM6: 5월 취합 | AN6: 5월 | AR6: 6월 FCST | AS6: 6월
K7: =SUBTOTAL(9,K8:K1048576) -> 74597 | L7: =SUBTOTAL(9,L8:L1048576) -> 181449 | M7: =SUBTOTAL(9,M8:M1048576) -> 256046 | N7: =SUBTOTAL(9,N8:N1048576) -> 370238 | V7: =SUM(V8:V583) -> 826953.83 | W7: =SUBTOTAL(9,W8:W770) -> 110944 | X7: =SUM(X8:X583) -> 535329.14 | Y7: =SUM(Y8:Y583) -> 0 | AA7: =SUM(AA8:AA583) -> 4673358.9 | AC7: =SUM(AC8:AC583) -> 900200 | AD7: =SUBTOTAL(9,AD8:AD1048576) -> 129100 | AE7: =SUM(AE8:AE583) -> 0 | AF7: =SUM(AF8:AF583) -> 4668733.7 | AH7: =SUM(AH8:AH583) -> 826709.47 | AI7: =SUBTOTAL(9,AI8:AI1048576) -> 210000 | AJ7: =SUM(AJ8:AJ583) -> 17.160812 | AK7: =SUM(AK8:AK583) -> 4795555.8 | AM7: =SUM(AM8:AM583) -> 899884.74 | AN7: =SUBTOTAL(9,AN8:AN1048576) -> 0 | AO7: =SUM(AO8:AO583) -> 1298 | AP7: =SUM(AP8:AP583) -> 4289032.2 | AR7: =SUM(AR8:AR583) -> 1010427.7 | AS7: =SUBTOTAL(9,AS8:AS1048576) -> 0 | AT7: =SUM(AT8:AT583) -> 0 | AU7: =SUM(AU8:AU583) -> 3776157
A8: - | B8: 제품 | C8: 운영 | D8: 9309511 | E8: =VLOOKUP($D8,'[1]SAP 코드내역'!$A:$D,4,0) -> (단종)멜라_글루타치온크림_50ml(일본) | F8: 코스맥스(주) | I8: 2641.85 | J8: 13453.902 | K8: =IFERROR(VLOOKUP($D8,'[1]DNC 재고 현황'!$F:$AI,29,0),0) -> 0 | L8: =IFERROR(VLOOKUP($D8,'[1]DNC 재고 현황'!$F:$AI,30,),0) -> 0 | M8: =K8+L8 -> 0 | N8: =VLOOKUP($D8,'[1]DNC 재고 현황'!$F:$X,19,0) -> 4249 | O8: =IFERROR(IF($M8/$V8>1,100%,IF($M8/$V8<0,0%,$M8/$V8)),"계획없음") -> 0 | P8: =$Y8+$AD8+$AI8+$AN8+$AI8 -> 0 | Q8: =IFERROR(W8/$M$2,0) -> 0 | R8: =IFERROR(M8/$Q8,0) -> 0 | S8: =IFERROR(N8/$Q8,0) -> 0 | T8: =IFERROR(TODAY()+(M8/Q8),"") | U8: =IF(S8<=1,"🔴판매없음",IF(S8<=40,"🟡주의",IF(S8<=60,"🟢안전","✅충분"))) -> 🔴판매없음 | V8: =IFERROR(SUMIF('[1](전체)FCST'!$D:$D,$D8,'[1](전체)FCST'!$H:$H),0) -> 50 | W8: =IFERROR(VLOOKUP($D8,'[1]판매량,재고(피벗)'!$B:$C,2,0),0) -> 0 | X8: =IFERROR(W8/$M$2*$O$2,0) -> 0 | AA8: =MAX(SUM(N8-X8+Y8),0) -> 4249 | AB8: =IFERROR(AA8/AC8,0) -> 0.8498 | AC8: =IFERROR(VLOOKUP($D8,'[1]DNC 재고 현황'!$F:$V,14,0),0) -> 5000 | AD8: =SUMIFS('[1]입고 예정'!$C:$C,'[1]입고 예정'!$A:$A,모니터링!D8,'[1]입고 예정'!$F:$F,모니터링!AD$6) -> 0 | AF8: =MAX(IFERROR(SUM((AA8-AC8)+AD8),0),0) -> 0 | AG8: =IFERROR(AF8/AH8,0) -> 0 | AH8: =IFERROR(VLOOKUP($D8,'[1]DNC 재고 현황'!$F:$V,15,0),0) -> 50 | AI8: =SUMIFS('[1]입고 예정'!$C:$C,'[1]입고 예정'!$A:$A,모니터링!D8,'[1]입고 예정'!$F:$F,모니터링!AI$6) -> 0 | AK8: =MAX(IFERROR(SUM((AF8-AH8)+AI8),0),0) -> 0 | AL8: =IFERROR(AK8/AM8,0) -> 0 | AM8: =IFERROR(VLOOKUP($D8,'[1]DNC 재고 현황'!$F:$V,16,0),0) -> 50 | AN8: =SUMIFS('[1]입고 예정'!$C:$C,'[1]입고 예정'!$A:$A,모니터링!D8,'[1]입고 예정'!$F:$F,모니터링!AN$6) -> 0 | AP8: =MAX(IFERROR(SUM((AK8-AM8)+AN8),0),0) -> 0 | AQ8: =IFERROR(AP8/AR8,0) -> 0 | AR8: =IFERROR(VLOOKUP($D8,'[1]DNC 재고 현황'!$F:$V,17,0),0) -> 500 | AS8: =SUMIFS('[1]입고 예정'!$C:$C,'[1]입고 예정'!$A:$A,모니터링!D8,'[1]입고 예정'!$F:$F,모니터링!AS$6) -> 0 | AU8: =MAX(IFERROR(AP8-AR8+AS8,0),0) -> 0 | AV8: =IFERROR(AU8/#REF!,0) -> 0
A9: - | B9: 제품 | C9: 소진후 단종 | D9: 9307222 | E9: =VLOOKUP($D9,'[1]SAP 코드내역'!$A:$D,4,0) -> (단종)DWEGF_원데이10ppm_엠티에스2700샷(4ea)_스몰랩 | F9: ㈜스몰렙 | I9: 7960 | J9: 0 | K9: =IFERROR(VLOOKUP($D9,'[1]DNC 재고 현황'!$F:$AI,29,0),0) -> 91 | L9: =IFERROR(VLOOKUP($D9,'[1]DNC 재고 현황'!$F:$AI,30,),0) -> 0 | M9: =K9+L9 -> 91 | N9: =VLOOKUP($D9,'[1]DNC 재고 현황'!$F:$X,19,0) -> 91 | O9: =IFERROR(IF($M9/$V9>1,100%,IF($M9/$V9<0,0%,$M9/$V9)),"계획없음") -> 계획없음 | P9: =$Y9+$AD9+$AI9+$AN9+$AI9 -> 0 | Q9: =IFERROR(W9/$M$2,0) -> 0.14285714 | R9: =IFERROR(M9/$Q9,0) -> 637 | S9: =IFERROR(N9/$Q9,0) -> 637 | T9: =IFERROR(TODAY()+(M9/Q9),"") -> 46757 | U9: =IF(S9<=1,"🔴판매없음",IF(S9<=40,"🟡주의",IF(S9<=60,"🟢안전","✅충분"))) -> ✅충분 | V9: =IFERROR(SUMIF('[1](전체)FCST'!$D:$D,$D9,'[1](전체)FCST'!$H:$H),0) -> 0 | W9: =IFERROR(VLOOKUP($D9,'[1]판매량,재고(피벗)'!$B:$C,2,0),0) -> 1 | X9: =IFERROR(W9/$M$2*$O$2,0) -> 3.1428571 | AA9: =MAX(SUM(N9-X9+Y9),0) -> 87.857143 | AB9: =IFERROR(AA9/AC9,0) -> 0 | AC9: =IFERROR(VLOOKUP($D9,'[1]DNC 재고 현황'!$F:$V,14,0),0) -> 0 | AD9: =SUMIFS('[1]입고 예정'!$C:$C,'[1]입고 예정'!$A:$A,모니터링!D379,'[1]입고 예정'!$F:$F,모니터링!AD$6) -> 0 | AF9: =MAX(IFERROR(SUM((AA9-AC9)+AD9),0),0) -> 87.857143 | AG9: =IFERROR(AF9/AH9,0) -> 0 | AH9: =IFERROR(VLOOKUP($D9,'[1]DNC 재고 현황'!$F:$V,15,0),0) -> 0 | AI9: =SUMIFS('[1]입고 예정'!$C:$C,'[1]입고 예정'!$A:$A,모니터링!D379,'[1]입고 예정'!$F:$F,모니터링!AI$6) -> 0 | AK9: =MAX(IFERROR(SUM((AF9-AH9)+AI9),0),0) -> 87.857143 | AL9: =IFERROR(AK9/AM9,0) -> 0 | AM9: =IFERROR(VLOOKUP($D9,'[1]DNC 재고 현황'!$F:$V,16,0),0) -> 0 | AN9: =SUMIFS('[1]입고 예정'!$C:$C,'[1]입고 예정'!$A:$A,모니터링!D379,'[1]입고 예정'!$F:$F,모니터링!AN$6) -> 0 | AP9: =MAX(IFERROR(SUM((AK9-AM9)+AN9),0),0) -> 87.857143 | AQ9: =IFERROR(AP9/AR9,0) -> 0 | AR9: =IFERROR(VLOOKUP($D9,'[1]DNC 재고 현황'!$F:$V,17,0),0) -> 0 | AS9: =SUMIFS('[1]입고 예정'!$C:$C,'[1]입고 예정'!$A:$A,모니터링!D379,'[1]입고 예정'!$F:$F,모니터링!AS$6) -> 0 | AU9: =MAX(IFERROR(AP9-AR9+AS9,0),0) -> 87.857143 | AV9: =IFERROR(AU9/#REF!,0) -> 0
A10: - | B10: 판촉물 | C10: 운영 | D10: 7301041 | E10: =VLOOKUP($D10,'[1]SAP 코드내역'!$A:$D,4,0) -> [임가공]DWEGF_니들롤러대(단상자없음) | F10: 주식회사대웅이엔지 | I10: 1379.2833 | J10: 2908.5179 | K10: =IFERROR(VLOOKUP($D10,'[1]DNC 재고 현황'!$F:$AI,29,0),0) -> 0 | L10: =IFERROR(VLOOKUP($D10,'[1]DNC 재고 현황'!$F:$AI,30,),0) -> 0 | M10: =K10+L10 -> 0 | N10: =VLOOKUP($D10,'[1]DNC 재고 현황'!$F:$X,19,0) -> 7031 | O10: =IFERROR(IF($M10/$V10>1,100%,IF($M10/$V10<0,0%,$M10/$V10)),"계획없음") -> 계획없음 | P10: =$Y10+$AD10+$AI10+$AN10+$AI10 -> 0 | Q10: =IFERROR(W10/$M$2,0) -> 0 | R10: =IFERROR(M10/$Q10,0) -> 0 | S10: =IFERROR(N10/$Q10,0) -> 0 | T10: =IFERROR(TODAY()+(M10/Q10),"") | U10: =IF(S10<=1,"🔴판매없음",IF(S10<=40,"🟡주의",IF(S10<=60,"🟢안전","✅충분"))) -> 🔴판매없음 | V10: =IFERROR(SUMIF('[1](전체)FCST'!$D:$D,$D10,'[1](전체)FCST'!$H:$H),0) -> 0 | W10: =IFERROR(VLOOKUP($D10,'[1]판매량,재고(피벗)'!$B:$C,2,0),0) -> 0 | X10: =IFERROR(W10/$M$2*$O$2,0) -> 0 | AA10: =MAX(SUM(N10-X10+Y10),0) -> 7031 | AB10: =IFERROR(AA10/AC10,0) -> 0 | AC10: =IFERROR(VLOOKUP($D10,'[1]DNC 재고 현황'!$F:$V,14,0),0) -> 0 | AD10: =SUMIFS('[1]입고 예정'!$C:$C,'[1]입고 예정'!$A:$A,모니터링!D10,'[1]입고 예정'!$F:$F,모니터링!AD$6) -> 0 | AF10: =MAX(IFERROR(SUM((AA10-AC10)+AD10),0),0) -> 7031 | AG10: =IFERROR(AF10/AH10,0) -> 0 | AH10: =IFERROR(VLOOKUP($D10,'[1]DNC 재고 현황'!$F:$V,15,0),0) -> 0 | AI10: =SUMIFS('[1]입고 예정'!$C:$C,'[1]입고 예정'!$A:$A,모니터링!D10,'[1]입고 예정'!$F:$F,모니터링!AI$6) -> 0 | AK10: =MAX(IFERROR(SUM((AF10-AH10)+AI10),0),0) -> 7031 | AL10: =IFERROR(AK10/AM10,0) -> 0 | AM10: =IFERROR(VLOOKUP($D10,'[1]DNC 재고 현황'!$F:$V,16,0),0) -> 0 | AN10: =SUMIFS('[1]입고 예정'!$C:$C,'[1]입고 예정'!$A:$A,모니터링!D10,'[1]입고 예정'!$F:$F,모니터링!AN$6) -> 0 | AP10: =MAX(IFERROR(SUM((AK10-AM10)+AN10),0),0) -> 7031 | AQ10: =IFERROR(AP10/AR10,0) -> 0 | AR10: =IFERROR(VLOOKUP($D10,'[1]DNC 재고 현황'!$F:$V,17,0),0) -> 0 | AS10: =SUMIFS('[1]입고 예정'!$C:$C,'[1]입고 예정'!$A:$A,모니터링!D10,'[1]입고 예정'!$F:$F,모니터링!AS$6) -> 0 | AU10: =MAX(IFERROR(AP10-AR10+AS10,0),0) -> 7031 | AV10: =IFERROR(AU10/#REF!,0) -> 0
A11: - | B11: 제품 | C11: 운영 | D11: 9309401 | E11: =VLOOKUP($D11,'[1]SAP 코드내역'!$A:$D,4,0) -> 멜라B_토닝원데이앰플_2X_13ml*2+1ml*2(코스트코) | F11: 코스맥스(주) | I11: 7621.6442 | J11: 47447.273 | K11: =IFERROR(VLOOKUP($D11,'[1]DNC 재고 현황'!$F:$AI,29,0),0) -> 0 | L11: =IFERROR(VLOOKUP($D11,'[1]DNC 재고 현황'!$F:$AI,30,),0) -> 0 | M11: =K11+L11 -> 0 | N11: =VLOOKUP($D11,'[1]DNC 재고 현황'!$F:$X,19,0) -> 6998 | O11: =IFERROR(IF($M11/$V11>1,100%,IF($M11/$V11<0,0%,$M11/$V11)),"계획없음") -> 0 | P11: =$Y11+$AD11+$AI11+$AN11+$AI11 -> 10000 | Q11: =IFERROR(W11/$M$2,0) -> 0 | R11: =IFERROR(M11/$Q11,0) -> 0 | S11: =IFERROR(N11/$Q11,0) -> 0 | T11: =IFERROR(TODAY()+(M11/Q11),"") | U11: =IF(S11<=1,"🔴판매없음",IF(S11<=40,"🟡주의",IF(S11<=60,"🟢안전","✅충분"))) -> 🔴판매없음 | V11: =IFERROR(SUMIF('[1](전체)FCST'!$D:$D,$D11,'[1](전체)FCST'!$H:$H),0) -> 3688.2871 | W11: =IFERROR(VLOOKUP($D11,'[1]판매량,재고(피벗)'!$B:$C,2,0),0) -> 0 | X11: =IFERROR(W11/$M$2*$O$2,0) -> 0 | AA11: =MAX(SUM(N11-X11+Y11),0) -> 6998 | AB11: =IFERROR(AA11/AC11,0) -> 1.8973577 | AC11: =IFERROR(VLOOKUP($D11,'[1]DNC 재고 현황'!$F:$V,14,0),0) -> 3688.2871 | AD11: =SUMIFS('[1]입고 예정'!$C:$C,'[1]입고 예정'!$A:$A,모니터링!D11,'[1]입고 예정'!$F:$F,모니터링!AD$6) -> 10000 | AF11: =MAX(IFERROR(SUM((AA11-AC11)+AD11),0),0) -> 13309.713 | AG11: =IFERROR(AF11/AH11,0) -> 3.6086435 | AH11: =IFERROR(VLOOKUP($D11,'[1]DNC 재고 현황'!$F:$V,15,0),0) -> 3688.2871 | AI11: =SUMIFS('[1]입고 예정'!$C:$C,'[1]입고 예정'!$A:$A,모니터링!D11,'[1]입고 예정'!$F:$F,모니터링!AI$6) -> 0 | AK11: =MAX(IFERROR(SUM((AF11-AH11)+AI11),0),0) -> 9621.4259 | AL11: =IFERROR(AK11/AM11,0) -> 1.4802194 | AM11: =IFERROR(VLOOKUP($D11,'[1]DNC 재고 현황'!$F:$V,16,0),0) -> 6500 | AN11: =SUMIFS('[1]입고 예정'!$C:$C,'[1]입고 예정'!$A:$A,모니터링!D11,'[1]입고 예정'!$F:$F,모니터링!AN$6) -> 0 | AP11: =MAX(IFERROR(SUM((AK11-AM11)+AN11),0),0) -> 3121.4259 | AQ11: =IFERROR(AP11/AR11,0) -> 0.48021937 | AR11: =IFERROR(VLOOKUP($D11,'[1]DNC 재고 현황'!$F:$V,17,0),0) -> 6500 | AS11: =SUMIFS('[1]입고 예정'!$C:$C,'[1]입고 예정'!$A:$A,모니터링!D11,'[1]입고 예정'!$F:$F,모니터링!AS$6) -> 0 | AU11: =MAX(IFERROR(AP11-AR11+AS11,0),0) -> 0 | AV11: =IFERROR(AU11/#REF!,0) -> 0
B12: 완제품 | C12: 운영 | D12: 9313807 | E12: =VLOOKUP($D12,'[1]SAP 코드내역'!$A:$D,4,0) -> PDRN_18토닝세럼_마스크_120g*7매입(JP) | H12: 26년 신제품 | I12: 0 | J12: 0 | K12: =IFERROR(VLOOKUP($D12,'[1]DNC 재고 현황'!$F:$AI,29,0),0) -> 0 | L12: =IFERROR(VLOOKUP($D12,'[1]DNC 재고 현황'!$F:$AI,30,),0) -> 0 | M12: =K12+L12 -> 0 | N12: =VLOOKUP($D12,'[1]DNC 재고 현황'!$F:$X,19,0) -> 9483 | O12: =IFERROR(IF($M12/$V12>1,100%,IF($M12/$V12<0,0%,$M12/$V12)),"계획없음") -> 0 | P12: =$Y12+$AD12+$AI12+$AN12+$AI12 -> 0 | Q12: =IFERROR(W12/$M$2,0) -> 0 | R12: =IFERROR(M12/$Q12,0) -> 0 | S12: =IFERROR(N12/$Q12,0) -> 0 | T12: =IFERROR(TODAY()+(M12/Q12),"") | U12: =IF(S12<=1,"🔴판매없음",IF(S12<=40,"🟡주의",IF(S12<=60,"🟢안전","✅충분"))) -> 🔴판매없음 | V12: =IFERROR(SUMIF('[1](전체)FCST'!$D:$D,$D12,'[1](전체)FCST'!$H:$H),0) -> 1500 | W12: =IFERROR(VLOOKUP($D12,'[1]판매량,재고(피벗)'!$B:$C,2,0),0) -> 0 | X12: =IFERROR(W12/$M$2*$O$2,0) -> 0 | AA12: =MAX(SUM(N12-X12+Y12),0) -> 9483 | AB12: =IFERROR(AA12/AC12,0) -> 3.161 | AC12: =IFERROR(VLOOKUP($D12,'[1]DNC 재고 현황'!$F:$V,14,0),0) -> 3000 | AD12: =SUMIFS('[1]입고 예정'!$C:$C,'[1]입고 예정'!$A:$A,모니터링!D12,'[1]입고 예정'!$F:$F,모니터링!AD$6) -> 0 | AF12: =MAX(IFERROR(SUM((AA12-AC12)+AD12),0),0) -> 6483 | AG12: =IFERROR(AF12/AH12,0) -> 4.322 | AH12: =IFERROR(VLOOKUP($D12,'[1]DNC 재고 현황'!$F:$V,15,0),0) -> 1500 | AI12: =SUMIFS('[1]입고 예정'!$C:$C,'[1]입고 예정'!$A:$A,모니터링!D12,'[1]입고 예정'!$F:$F,모니터링!AI$6) -> 0 | AK12: =MAX(IFERROR(SUM((AF12-AH12)+AI12),0),0) -> 4983 | AL12: =IFERROR(AK12/AM12,0) -> 3.322 | AM12: =IFERROR(VLOOKUP($D12,'[1]DNC 재고 현황'!$F:$V,16,0),0) -> 1500 | AN12: =SUMIFS('[1]입고 예정'!$C:$C,'[1]입고 예정'!$A:$A,모니터링!D12,'[1]입고 예정'!$F:$F,모니터링!AN$6) -> 0 | AP12: =MAX(IFERROR(SUM((AK12-AM12)+AN12),0),0) -> 3483 | AQ12: =IFERROR(AP12/AR12,0) -> 0.6966 | AR12: =IFERROR(VLOOKUP($D12,'[1]DNC 재고 현황'!$F:$V,17,0),0) -> 5000 | AS12: =SUMIFS('[1]입고 예정'!$C:$C,'[1]입고 예정'!$A:$A,모니터링!D12,'[1]입고 예정'!$F:$F,모니터링!AS$6) -> 0 | AU12: =MAX(IFERROR(AP12-AR12+AS12,0),0) -> 0 | AV12: =IFERROR(AU12/#REF!,0) -> 0
B13: 완제품 | C13: 운영 | D13: 9313808 | E13: =VLOOKUP($D13,'[1]SAP 코드내역'!$A:$D,4,0) -> PDRN_18토닝세럼_1ML*7EA(JP) | H13: 26년 신제품 | I13: 0 | J13: 0 | K13: =IFERROR(VLOOKUP($D13,'[1]DNC 재고 현황'!$F:$AI,29,0),0) -> 0 | L13: =IFERROR(VLOOKUP($D13,'[1]DNC 재고 현황'!$F:$AI,30,),0) -> 0 | M13: =K13+L13 -> 0 | N13: =VLOOKUP($D13,'[1]DNC 재고 현황'!$F:$X,19,0) -> 24 | O13: =IFERROR(IF($M13/$V13>1,100%,IF($M13/$V13<0,0%,$M13/$V13)),"계획없음") -> 0 | P13: =$Y13+$AD13+$AI13+$AN13+$AI13 -> 0 | Q13: =IFERROR(W13/$M$2,0) -> 0 | R13: =IFERROR(M13/$Q13,0) -> 0 | S13: =IFERROR(N13/$Q13,0) -> 0 | T13: =IFERROR(TODAY()+(M13/Q13),"") | U13: =IF(S13<=1,"🔴판매없음",IF(S13<=40,"🟡주의",IF(S13<=60,"🟢안전","✅충분"))) -> 🔴판매없음 | V13: =IFERROR(SUMIF('[1](전체)FCST'!$D:$D,$D13,'[1](전체)FCST'!$H:$H),0) -> 2000 | W13: =IFERROR(VLOOKUP($D13,'[1]판매량,재고(피벗)'!$B:$C,2,0),0) -> 0 | X13: =IFERROR(W13/$M$2*$O$2,0) -> 0 | AA13: =MAX(SUM(N13-X13+Y13),0) -> 24 | AB13: =IFERROR(AA13/AC13,0) -> 0.0024 | AC13: =IFERROR(VLOOKUP($D13,'[1]DNC 재고 현황'!$F:$V,14,0),0) -> 10000 | AD13: =SUMIFS('[1]입고 예정'!$C:$C,'[1]입고 예정'!$A:$A,모니터링!D13,'[1]입고 예정'!$F:$F,모니터링!AD$6) -> 0 | AF13: =MAX(IFERROR(SUM((AA13-AC13)+AD13),0),0) -> 0 | AG13: =IFERROR(AF13/AH13,0) -> 0 | AH13: =IFERROR(VLOOKUP($D13,'[1]DNC 재고 현황'!$F:$V,15,0),0) -> 2000 | AI13: =SUMIFS('[1]입고 예정'!$C:$C,'[1]입고 예정'!$A:$A,모니터링!D13,'[1]입고 예정'!$F:$F,모니터링!AI$6) -> 0 | AK13: =MAX(IFERROR(SUM((AF13-AH13)+AI13),0),0) -> 0 | AL13: =IFERROR(AK13/AM13,0) -> 0 | AM13: =IFERROR(VLOOKUP($D13,'[1]DNC 재고 현황'!$F:$V,16,0),0) -> 0 | AN13: =SUMIFS('[1]입고 예정'!$C:$C,'[1]입고 예정'!$A:$A,모니터링!D13,'[1]입고 예정'!$F:$F,모니터링!AN$6) -> 0 | AP13: =MAX(IFERROR(SUM((AK13-AM13)+AN13),0),0) -> 0 | AQ13: =IFERROR(AP13/AR13,0) -> 0 | AR13: =IFERROR(VLOOKUP($D13,'[1]DNC 재고 현황'!$F:$V,17,0),0) -> 0 | AS13: =SUMIFS('[1]입고 예정'!$C:$C,'[1]입고 예정'!$A:$A,모니터링!D13,'[1]입고 예정'!$F:$F,모니터링!AS$6) -> 0 | AU13: =MAX(IFERROR(AP13-AR13+AS13,0),0) -> 0 | AV13: =IFERROR(AU13/#REF!,0) -> 0
A14: - | B14: 완제품 | C14: 운영 | D14: 9400157 | E14: =VLOOKUP($D14,'[1]SAP 코드내역'!$A:$D,4,0) -> PDRN_18토닝세럼_1ML*7EA_미품(JP) | H14: 신제품 | I14: 0 | J14: 0 | K14: =IFERROR(VLOOKUP($D14,'[1]DNC 재고 현황'!$F:$AI,29,0),0) -> 20000 | L14: =IFERROR(VLOOKUP($D14,'[1]DNC 재고 현황'!$F:$AI,30,),0) -> 0 | M14: =K14+L14 -> 20000 | N14: =VLOOKUP($D14,'[1]DNC 재고 현황'!$F:$X,19,0) -> 20059 | O14: =IFERROR(IF($M14/$V14>1,100%,IF($M14/$V14<0,0%,$M14/$V14)),"계획없음") -> 1 | P14: =$Y14+$AD14+$AI14+$AN14+$AI14 -> 60000 | Q14: =IFERROR(W14/$M$2,0) -> 0 | R14: =IFERROR(M14/$Q14,0) -> 0 | S14: =IFERROR(N14/$Q14,0) -> 0 | T14: =IFERROR(TODAY()+(M14/Q14),"") | U14: =IF(S14<=1,"🔴판매없음",IF(S14<=40,"🟡주의",IF(S14<=60,"🟢안전","✅충분"))) -> 🔴판매없음 | V14: =IFERROR(SUMIF('[1](전체)FCST'!$D:$D,$D14,'[1](전체)FCST'!$H:$H),0) -> 5000 | W14: =IFERROR(VLOOKUP($D14,'[1]판매량,재고(피벗)'!$B:$C,2,0),0) -> 0 | X14: =IFERROR(W14/$M$2*$O$2,0) -> 0 | AA14: =MAX(SUM(N14-X14+Y14),0) -> 20059 | AB14: =IFERROR(AA14/AC14,0) -> 2.0059 | AC14: =IFERROR(VLOOKUP($D14,'[1]DNC 재고 현황'!$F:$V,14,0),0) -> 10000 | AD14: =SUMIFS('[1]입고 예정'!$C:$C,'[1]입고 예정'!$A:$A,모니터링!D14,'[1]입고 예정'!$F:$F,모니터링!AD$6) -> 20000 | AF14: =MAX(IFERROR(SUM((AA14-AC14)+AD14),0),0) -> 30059 | AG14: =IFERROR(AF14/AH14,0) -> 6.0118 | AH14: =IFERROR(VLOOKUP($D14,'[1]DNC 재고 현황'!$F:$V,15,0),0) -> 5000 | AI14: =SUMIFS('[1]입고 예정'!$C:$C,'[1]입고 예정'!$A:$A,모니터링!D14,'[1]입고 예정'!$F:$F,모니터링!AI$6) -> 20000 | AK14: =MAX(IFERROR(SUM((AF14-AH14)+AI14),0),0) -> 45059 | AL14: =IFERROR(AK14/AM14,0) -> 22.5295 | AM14: =IFERROR(VLOOKUP($D14,'[1]DNC 재고 현황'!$F:$V,16,0),0) -> 2000 | AN14: =SUMIFS('[1]입고 예정'!$C:$C,'[1]입고 예정'!$A:$A,모니터링!D14,'[1]입고 예정'!$F:$F,모니터링!AN$6) -> 0 | AP14: =MAX(IFERROR(SUM((AK14-AM14)+AN14),0),0) -> 43059 | AQ14: =IFERROR(AP14/AR14,0) -> 2.15295 | AR14: =IFERROR(VLOOKUP($D14,'[1]DNC 재고 현황'!$F:$V,17,0),0) -> 20000 | AS14: =SUMIFS('[1]입고 예정'!$C:$C,'[1]입고 예정'!$A:$A,모니터링!D14,'[1]입고 예정'!$F:$F,모니터링!AS$6) -> 0 | AU14: =MAX(IFERROR(AP14-AR14+AS14,0),0) -> 23059 | AV14: =IFERROR(AU14/#REF!,0) -> 0
A15: - | B15: 제품 | C15: 운영 | D15: 9305648 | E15: =VLOOKUP($D15,'[1]SAP 코드내역'!$A:$D,4,0) -> 베리어_리페어클렌저_150ml | F15: 코스맥스(주) | I15: 2916.1483 | J15: 12358.325 | K15: =IFERROR(VLOOKUP($D15,'[1]DNC 재고 현황'!$F:$AI,29,0),0) -> 2912 | L15: =IFERROR(VLOOKUP($D15,'[1]DNC 재고 현황'!$F:$AI,30,),0) -> 0 | M15: =K15+L15 -> 2912 | N15: =VLOOKUP($D15,'[1]DNC 재고 현황'!$F:$X,19,0) -> 3546 | O15: =IFERROR(IF($M15/$V15>1,100%,IF($M15/$V15<0,0%,$M15/$V15)),"계획없음") -> 1 | P15: =$Y15+$AD15+$AI15+$AN15+$AI15 -> 0 | Q15: =IFERROR(W15/$M$2,0) -> 36.142857 | R15: =IFERROR(M15/$Q15,0) -> 80.56917 | S15: =IFERROR(N15/$Q15,0) -> 98.110672 | T15: =IFERROR(TODAY()+(M15/Q15),"") -> 46200.569 | U15: =IF(S15<=1,"🔴판매없음",IF(S15<=40,"🟡주의",IF(S15<=60,"🟢안전","✅충분"))) -> ✅충분 | V15: =IFERROR(SUMIF('[1](전체)FCST'!$D:$D,$D15,'[1](전체)FCST'!$H:$H),0) -> 1866.4008 | W15: =IFERROR(VLOOKUP($D15,'[1]판매량,재고(피벗)'!$B:$C,2,0),0) -> 253 | X15: =IFERROR(W15/$M$2*$O$2,0) -> 795.14286 | AA15: =MAX(SUM(N15-X15+Y15),0) -> 2750.8571 | AB15: =IFERROR(AA15/AC15,0) -> 1.3692209 | AC15: =IFERROR(VLOOKUP($D15,'[1]DNC 재고 현황'!$F:$V,14,0),0) -> 2009.0674 | AD15: =SUMIFS('[1]입고 예정'!$C:$C,'[1]입고 예정'!$A:$A,모니터링!D15,'[1]입고 예정'!$F:$F,모니터링!AD$6) -> 0 | AF15: =MAX(IFERROR(SUM((AA15-AC15)+AD15),0),0) -> 741.78971 | AG15: =IFERROR(AF15/AH15,0) -> 0.39744396 | AH15: =IFERROR(VLOOKUP($D15,'[1]DNC 재고 현황'!$F:$V,15,0),0) -> 1866.4008 | AI15: =SUMIFS('[1]입고 예정'!$C:$C,'[1]입고 예정'!$A:$A,모니터링!D15,'[1]입고 예정'!$F:$F,모니터링!AI$6) -> 0 | AK15: =MAX(IFERROR(SUM((AF15-AH15)+AI15),0),0) -> 0 | AL15: =IFERROR(AK15/AM15,0) -> 0 | AM15: =IFERROR(VLOOKUP($D15,'[1]DNC 재고 현황'!$F:$V,16,0),0) -> 1369.6039 | AN15: =SUMIFS('[1]입고 예정'!$C:$C,'[1]입고 예정'!$A:$A,모니터링!D15,'[1]입고 예정'!$F:$F,모니터링!AN$6) -> 0 | AP15: =MAX(IFERROR(SUM((AK15-AM15)+AN15),0),0) -> 0 | AQ15: =IFERROR(AP15/AR15,0) -> 0 | AR15: =IFERROR(VLOOKUP($D15,'[1]DNC 재고 현황'!$F:$V,17,0),0) -> 1684.6039 | AS15: =SUMIFS('[1]입고 예정'!$C:$C,'[1]입고 예정'!$A:$A,모니터링!D15,'[1]입고 예정'!$F:$F,모니터링!AS$6) -> 0 | AU15: =MAX(IFERROR(AP15-AR15+AS15,0),0) -> 0 | AV15: =IFERROR(AU15/#REF!,0) -> 0
D16: 9313190 | E16: =VLOOKUP($D16,'[1]SAP 코드내역'!$A:$D,4,0) -> [임가공]멜라_토닝원데이앰플_부스터샷_본품+리필15ml_카카오기획세트 | K16: =IFERROR(VLOOKUP($D16,'[1]DNC 재고 현황'!$F:$AI,29,0),0) -> 171 | L16: =IFERROR(VLOOKUP($D16,'[1]DNC 재고 현황'!$F:$AI,30,),0) -> 0 | M16: =K16+L16 -> 171 | N16: =VLOOKUP($D16,'[1]DNC 재고 현황'!$F:$X,19,0) -> 171 | O16: =IFERROR(IF($M16/$V16>1,100%,IF($M16/$V16<0,0%,$M16/$V16)),"계획없음") -> 1 | P16: =$Y16+$AD16+$AI16+$AN16+$AI16 -> 0 | Q16: =IFERROR(W16/$M$2,0) -> 2.1428571 | R16: =IFERROR(M16/$Q16,0) -> 79.8 | S16: =IFERROR(N16/$Q16,0) -> 79.8 | T16: =IFERROR(TODAY()+(M16/Q16),"") -> 46199.8 | U16: =IF(S16<=1,"🔴판매없음",IF(S16<=40,"🟡주의",IF(S16<=60,"🟢안전","✅충분"))) -> ✅충분 | V16: =IFERROR(SUMIF('[1](전체)FCST'!$D:$D,$D16,'[1](전체)FCST'!$H:$H),0) -> 74.575442 | W16: =IFERROR(VLOOKUP($D16,'[1]판매량,재고(피벗)'!$B:$C,2,0),0) -> 15 | X16: =IFERROR(W16/$M$2*$O$2,0) -> 47.142857 | AA16: =MAX(SUM(N16-X16+Y16),0) -> 123.85714 | AB16: =IFERROR(AA16/AC16,0) -> 1.6608302 | AC16: =IFERROR(VLOOKUP($D16,'[1]DNC 재고 현황'!$F:$V,14,0),0) -> 74.575442 | AD16: =SUMIFS('[1]입고 예정'!$C:$C,'[1]입고 예정'!$A:$A,모니터링!D45,'[1]입고 예정'!$F:$F,모니터링!AD$6) -> 0 | AF16: =MAX(IFERROR(SUM((AA16-AC16)+AD16),0),0) -> 49.281701 | AG16: =IFERROR(AF16/AH16,0) -> 0.66083016 | AH16: =IFERROR(VLOOKUP($D16,'[1]DNC 재고 현황'!$F:$V,15,0),0) -> 74.575442 | AI16: =SUMIFS('[1]입고 예정'!$C:$C,'[1]입고 예정'!$A:$A,모니터링!D45,'[1]입고 예정'!$F:$F,모니터링!AI$6) -> 0 | AK16: =MAX(IFERROR(SUM((AF16-AH16)+AI16),0),0) -> 0 | AL16: =IFERROR(AK16/AM16,0) -> 0 | AM16: =IFERROR(VLOOKUP($D16,'[1]DNC 재고 현황'!$F:$V,16,0),0) -> 100 | AN16: =SUMIFS('[1]입고 예정'!$C:$C,'[1]입고 예정'!$A:$A,모니터링!D45,'[1]입고 예정'!$F:$F,모니터링!AN$6) -> 0 | AP16: =MAX(IFERROR(SUM((AK16-AM16)+AN16),0),0) -> 0 | AQ16: =IFERROR(AP16/AR16,0) -> 0 | AR16: =IFERROR(VLOOKUP($D16,'[1]DNC 재고 현황'!$F:$V,17,0),0) -> 100 | AS16: =SUMIFS('[1]입고 예정'!$C:$C,'[1]입고 예정'!$A:$A,모니터링!D45,'[1]입고 예정'!$F:$F,모니터링!AS$6) -> 0 | AU16: =MAX(IFERROR(AP16-AR16+AS16,0),0) -> 0 | AV16: =IFERROR(AU16/#REF!,0) -> 0
A17: - | B17: 완제품 | C17: 운영 | D17: 9313047 | E17: =VLOOKUP($D17,'[1]SAP 코드내역'!$A:$D,4,0) -> 멜라_토닝앰플파운데이션_21호내추럴15ml | H17: 신제품 | I17: 3461.2939 | J17: 27080.182 | K17: =IFERROR(VLOOKUP($D17,'[1]DNC 재고 현황'!$F:$AI,29,0),0) -> 6799 | L17: =IFERROR(VLOOKUP($D17,'[1]DNC 재고 현황'!$F:$AI,30,),0) -> 0 | M17: =K17+L17 -> 6799 | N17: =VLOOKUP($D17,'[1]DNC 재고 현황'!$F:$X,19,0) -> 6799 | O17: =IFERROR(IF($M17/$V17>1,100%,IF($M17/$V17<0,0%,$M17/$V17)),"계획없음") -> 1 | P17: =$Y17+$AD17+$AI17+$AN17+$AI17 -> 8600 | Q17: =IFERROR(W17/$M$2,0) -> 43.714286 | R17: =IFERROR(M17/$Q17,0) -> 155.53268 | S17: =IFERROR(N17/$Q17,0) -> 155.53268 | T17: =IFERROR(TODAY()+(M17/Q17),"") -> 46275.533 | U17: =IF(S17<=1,"🔴판매없음",IF(S17<=40,"🟡주의",IF(S17<=60,"🟢안전","✅충분"))) -> ✅충분 | V17: =IFERROR(SUMIF('[1](전체)FCST'!$D:$D,$D17,'[1](전체)FCST'!$H:$H),0) -> 3132.7731 | W17: =IFERROR(VLOOKUP($D17,'[1]판매량,재고(피벗)'!$B:$C,2,0),0) -> 306 | X17: =IFERROR(W17/$M$2*$O$2,0) -> 961.71429 | AA17: =MAX(SUM(N17-X17+Y17),0) -> 5837.2857 | AB17: =IFERROR(AA17/AC17,0) -> 1.8590495 | AC17: =IFERROR(VLOOKUP($D17,'[1]DNC 재고 현황'!$F:$V,14,0),0) -> 3139.9303 | AD17: =SUMIFS('[1]입고 예정'!$C:$C,'[1]입고 예정'!$A:$A,모니터링!D17,'[1]입고 예정'!$F:$F,모니터링!AD$6) -> 8600 | AF17: =MAX(IFERROR(SUM((AA17-AC17)+AD17),0),0) -> 11297.355 | AG17: =IFERROR(AF17/AH17,0) -> 3.6061838 | AH17: =IFERROR(VLOOKUP($D17,'[1]DNC 재고 현황'!$F:$V,15,0),0) -> 3132.7731 | AI17: =SUMIFS('[1]입고 예정'!$C:$C,'[1]입고 예정'!$A:$A,모니터링!D17,'[1]입고 예정'!$F:$F,모니터링!AI$6) -> 0 | AK17: =MAX(IFERROR(SUM((AF17-AH17)+AI17),0),0) -> 8164.5824 | AL17: =IFERROR(AK17/AM17,0) -> 2.6142331 | AM17: =IFERROR(VLOOKUP($D17,'[1]DNC 재고 현황'!$F:$V,16,0),0) -> 3123.1271 | AN17: =SUMIFS('[1]입고 예정'!$C:$C,'[1]입고 예정'!$A:$A,모니터링!D17,'[1]입고 예정'!$F:$F,모니터링!AN$6) -> 0 | AP17: =MAX(IFERROR(SUM((AK17-AM17)+AN17),0),0) -> 5041.4552 | AQ17: =IFERROR(AP17/AR17,0) -> 1.6142331 | AR17: =IFERROR(VLOOKUP($D17,'[1]DNC 재고 현황'!$F:$V,17,0),0) -> 3123.1271 | AS17: =SUMIFS('[1]입고 예정'!$C:$C,'[1]입고 예정'!$A:$A,모니터링!D17,'[1]입고 예정'!$F:$F,모니터링!AS$6) -> 0 | AU17: =MAX(IFERROR(AP17-AR17+AS17,0),0) -> 1918.3281 | AV17: =IFERROR(AU17/#REF!,0) -> 0
A18: - | B18: 제품 | C18: 운영 | D18: 9301416 | E18: =VLOOKUP($D18,'[1]SAP 코드내역'!$A:$D,4,0) -> DWEGF_화이트토닝크림_2ml샤세 | F18: 0 | I18: 113.58543 | J18: 1005.8831 | K18: =IFERROR(VLOOKUP($D18,'[1]DNC 재고 현황'!$F:$AI,29,0),0) -> 0 | L18: =IFERROR(VLOOKUP($D18,'[1]DNC 재고 현황'!$F:$AI,30,),0) -> 0 | M18: =K18+L18 -> 0 | N18: =VLOOKUP($D18,'[1]DNC 재고 현황'!$F:$X,19,0) -> 0 | O18: =IFERROR(IF($M18/$V18>1,100%,IF($M18/$V18<0,0%,$M18/$V18)),"계획없음") -> 0 | P18: =$Y18+$AD18+$AI18+$AN18+$AI18 -> 0 | Q18: =IFERROR(W18/$M$2,0) -> 0 | R18: =IFERROR(M18/$Q18,0) -> 0 | S18: =IFERROR(N18/$Q18,0) -> 0 | T18: =IFERROR(TODAY()+(M18/Q18),"") | U18: =IF(S18<=1,"🔴판매없음",IF(S18<=40,"🟡주의",IF(S18<=60,"🟢안전","✅충분"))) -> 🔴판매없음 | V18: =IFERROR(SUMIF('[1](전체)FCST'!$D:$D,$D18,'[1](전체)FCST'!$H:$H),0) -> 46.049929 | W18: =IFERROR(VLOOKUP($D18,'[1]판매량,재고(피벗)'!$B:$C,2,0),0) -> 0 | X18: =IFERROR(W18/$M$2*$O$2,0) -> 0 | AA18: =MAX(SUM(N18-X18+Y18),0) -> 0 | AB18: =IFERROR(AA18/AC18,0) -> 0 | AC18: =IFERROR(VLOOKUP($D18,'[1]DNC 재고 현황'!$F:$V,14,0),0) -> 50.963479 | AD18: =SUMIFS('[1]입고 예정'!$C:$C,'[1]입고 예정'!$A:$A,모니터링!D18,'[1]입고 예정'!$F:$F,모니터링!AD$6) -> 0 | AF18: =MAX(IFERROR(SUM((AA18-AC18)+AD18),0),0) -> 0 | AG18: =IFERROR(AF18/AH18,0) -> 0 | AH18: =IFERROR(VLOOKUP($D18,'[1]DNC 재고 현황'!$F:$V,15,0),0) -> 46.049929 | AI18: =SUMIFS('[1]입고 예정'!$C:$C,'[1]입고 예정'!$A:$A,모니터링!D18,'[1]입고 예정'!$F:$F,모니터링!AI$6) -> 0 | AK18: =MAX(IFERROR(SUM((AF18-AH18)+AI18),0),0) -> 0 | AL18: =IFERROR(AK18/AM18,0) -> 0 | AM18: =IFERROR(VLOOKUP($D18,'[1]DNC 재고 현황'!$F:$V,16,0),0) -> 0 | AN18: =SUMIFS('[1]입고 예정'!$C:$C,'[1]입고 예정'!$A:$A,모니터링!D18,'[1]입고 예정'!$F:$F,모니터링!AN$6) -> 0 | AP18: =MAX(IFERROR(SUM((AK18-AM18)+AN18),0),0) -> 0 | AQ18: =IFERROR(AP18/AR18,0) -> 0 | AR18: =IFERROR(VLOOKUP($D18,'[1]DNC 재고 현황'!$F:$V,17,0),0) -> 0 | AS18: =SUMIFS('[1]입고 예정'!$C:$C,'[1]입고 예정'!$A:$A,모니터링!D18,'[1]입고 예정'!$F:$F,모니터링!AS$6) -> 0 | AU18: =MAX(IFERROR(AP18-AR18+AS18,0),0) -> 0 | AV18: =IFERROR(AU18/#REF!,0) -> 0
A19: - | B19: 완제품 | C19: 운영 | D19: 9313048 | E19: =VLOOKUP($D19,'[1]SAP 코드내역'!$A:$D,4,0) -> 멜라_토닝앰플파운데이션_22호라이트베이지_15ml | H19: 신제품 | I19: 0 | J19: 27252.998 | K19: =IFERROR(VLOOKUP($D19,'[1]DNC 재고 현황'!$F:$AI,29,0),0) -> 3348 | L19: =IFERROR(VLOOKUP($D19,'[1]DNC 재고 현황'!$F:$AI,30,),0) -> 0 | M19: =K19+L19 -> 3348 | N19: =VLOOKUP($D19,'[1]DNC 재고 현황'!$F:$X,19,0) -> 3348 | O19: =IFERROR(IF($M19/$V19>1,100%,IF($M19/$V19<0,0%,$M19/$V19)),"계획없음") -> 1 | P19: =$Y19+$AD19+$AI19+$AN19+$AI19 -> 3400 | Q19: =IFERROR(W19/$M$2,0) -> 20.142857 | R19: =IFERROR(M19/$Q19,0) -> 166.21277 | S19: =IFERROR(N19/$Q19,0) -> 166.21277 | T19: =IFERROR(TODAY()+(M19/Q19),"") -> 46286.213 | U19: =IF(S19<=1,"🔴판매없음",IF(S19<=40,"🟡주의",IF(S19<=60,"🟢안전","✅충분"))) -> ✅충분 | V19: =IFERROR(SUMIF('[1](전체)FCST'!$D:$D,$D19,'[1](전체)FCST'!$H:$H),0) -> 1308.3235 | W19: =IFERROR(VLOOKUP($D19,'[1]판매량,재고(피벗)'!$B:$C,2,0),0) -> 141 | X19: =IFERROR(W19/$M$2*$O$2,0) -> 443.14286 | AA19: =MAX(SUM(N19-X19+Y19),0) -> 2904.8571 | AB19: =IFERROR(AA19/AC19,0) -> 2.2082578 | AC19: =IFERROR(VLOOKUP($D19,'[1]DNC 재고 현황'!$F:$V,14,0),0) -> 1315.452 | AD19: =SUMIFS('[1]입고 예정'!$C:$C,'[1]입고 예정'!$A:$A,모니터링!D19,'[1]입고 예정'!$F:$F,모니터링!AD$6) -> 3400 | AF19: =MAX(IFERROR(SUM((AA19-AC19)+AD19),0),0) -> 4989.4051 | AG19: =IFERROR(AF19/AH19,0) -> 3.8135867 | AH19: =IFERROR(VLOOKUP($D19,'[1]DNC 재고 현황'!$F:$V,15,0),0) -> 1308.3235 | AI19: =SUMIFS('[1]입고 예정'!$C:$C,'[1]입고 예정'!$A:$A,모니터링!D19,'[1]입고 예정'!$F:$F,모니터링!AI$6) -> 0 | AK19: =MAX(IFERROR(SUM((AF19-AH19)+AI19),0),0) -> 3681.0816 | AL19: =IFERROR(AK19/AM19,0) -> 2.8133955 | AM19: =IFERROR(VLOOKUP($D19,'[1]DNC 재고 현황'!$F:$V,16,0),0) -> 1308.4124 | AN19: =SUMIFS('[1]입고 예정'!$C:$C,'[1]입고 예정'!$A:$A,모니터링!D19,'[1]입고 예정'!$F:$F,모니터링!AN$6) -> 0 | AP19: =MAX(IFERROR(SUM((AK19-AM19)+AN19),0),0) -> 2372.6692 | AQ19: =IFERROR(AP19/AR19,0) -> 1.8133955 | AR19: =IFERROR(VLOOKUP($D19,'[1]DNC 재고 현황'!$F:$V,17,0),0) -> 1308.4124 | AS19: =SUMIFS('[1]입고 예정'!$C:$C,'[1]입고 예정'!$A:$A,모니터링!D19,'[1]입고 예정'!$F:$F,모니터링!AS$6) -> 0 | AU19: =MAX(IFERROR(AP19-AR19+AS19,0),0) -> 1064.2568 | AV19: =IFERROR(AU19/#REF!,0) -> 0
A20: - | B20: 제품 | C20: 운영 | D20: 9301415 | E20: =VLOOKUP($D20,'[1]SAP 코드내역'!$A:$D,4,0) -> DWEGF_화이트토닝크림_50ml | F20: 코스맥스(주) | I20: 2532.8522 | J20: 19345.838 | K20: =IFERROR(VLOOKUP($D20,'[1]DNC 재고 현황'!$F:$AI,29,0),0) -> 0 | L20: =IFERROR(VLOOKUP($D20,'[1]DNC 재고 현황'!$F:$AI,30,),0) -> 13 | M20: =K20+L20 -> 13 | N20: =VLOOKUP($D20,'[1]DNC 재고 현황'!$F:$X,19,0) -> 13 | O20: =IFERROR(IF($M20/$V20>1,100%,IF($M20/$V20<0,0%,$M20/$V20)),"계획없음") -> 0.0051724499 | P20: =$Y20+$AD20+$AI20+$AN20+$AI20 -> 20000 | Q20: =IFERROR(W20/$M$2,0) -> 0 | R20: =IFERROR(M20/$Q20,0) -> 0 | S20: =IFERROR(N20/$Q20,0) -> 0 | T20: =IFERROR(TODAY()+(M20/Q20),"") | U20: =IF(S20<=1,"🔴판매없음",IF(S20<=40,"🟡주의",IF(S20<=60,"🟢안전","✅충분"))) -> 🔴판매없음 | V20: =IFERROR(SUMIF('[1](전체)FCST'!$D:$D,$D20,'[1](전체)FCST'!$H:$H),0) -> 2513.3158 | W20: =IFERROR(VLOOKUP($D20,'[1]판매량,재고(피벗)'!$B:$C,2,0),0) -> 0 | X20: =IFERROR(W20/$M$2*$O$2,0) -> 0 | AA20: =MAX(SUM(N20-X20+Y20),0) -> 13 | AB20: =IFERROR(AA20/AC20,0) -> 0.0051930641 | AC20: =IFERROR(VLOOKUP($D20,'[1]DNC 재고 현황'!$F:$V,14,0),0) -> 2503.339 | AD20: =SUMIFS('[1]입고 예정'!$C:$C,'[1]입고 예정'!$A:$A,모니터링!D20,'[1]입고 예정'!$F:$F,모니터링!AD$6) -> 0 | AF20: =MAX(IFERROR(SUM((AA20-AC20)+AD20),0),0) -> 0 | AG20: =IFERROR(AF20/AH20,0) -> 0 | AH20: =IFERROR(VLOOKUP($D20,'[1]DNC 재고 현황'!$F:$V,15,0),0) -> 2513.3158 | AI20: =SUMIFS('[1]입고 예정'!$C:$C,'[1]입고 예정'!$A:$A,모니터링!D20,'[1]입고 예정'!$F:$F,모니터링!AI$6) -> 10000 | AK20: =MAX(IFERROR(SUM((AF20-AH20)+AI20),0),0) -> 7486.6842 | AL20: =IFERROR(AK20/AM20,0) -> 0 | AM20: =IFERROR(VLOOKUP($D20,'[1]DNC 재고 현황'!$F:$V,16,0),0) -> 0 | AN20: =SUMIFS('[1]입고 예정'!$C:$C,'[1]입고 예정'!$A:$A,모니터링!D20,'[1]입고 예정'!$F:$F,모니터링!AN$6) -> 0 | AP20: =MAX(IFERROR(SUM((AK20-AM20)+AN20),0),0) -> 7486.6842 | AQ20: =IFERROR(AP20/AR20,0) -> 0 | AR20: =IFERROR(VLOOKUP($D20,'[1]DNC 재고 현황'!$F:$V,17,0),0) -> 0 | AS20: =SUMIFS('[1]입고 예정'!$C:$C,'[1]입고 예정'!$A:$A,모니터링!D20,'[1]입고 예정'!$F:$F,모니터링!AS$6) -> 0 | AU20: =MAX(IFERROR(AP20-AR20+AS20,0),0) -> 7486.6842 | AV20: =IFERROR(AU20/#REF!,0) -> 0
A21: - | B21: 제품 | C21: 운영 | D21: 9311067 | E21: =VLOOKUP($D21,'[1]SAP 코드내역'!$A:$D,4,0) -> 멜라_비타민C부스팅앰플_15g_리뉴얼 | F21: 코스맥스(주) | I21: 4281.6673 | J21: 30339.832 | K21: =IFERROR(VLOOKUP($D21,'[1]DNC 재고 현황'!$F:$AI,29,0),0) -> 7 | L21: =IFERROR(VLOOKUP($D21,'[1]DNC 재고 현황'!$F:$AI,30,),0) -> 0 | M21: =K21+L21 -> 7 | N21: =VLOOKUP($D21,'[1]DNC 재고 현황'!$F:$X,19,0) -> 328 | O21: =IFERROR(IF($M21/$V21>1,100%,IF($M21/$V21<0,0%,$M21/$V21)),"계획없음") -> 0.0034285304 | P21: =$Y21+$AD21+$AI21+$AN21+$AI21 -> 11000 | Q21: =IFERROR(W21/$M$2,0) -> 2.5714286 | R21: =IFERROR(M21/$Q21,0) -> 2.7222222 | S21: =IFERROR(N21/$Q21,0) -> 127.55556 | T21: =IFERROR(TODAY()+(M21/Q21),"") -> 46122.722 | U21: =IF(S21<=1,"🔴판매없음",IF(S21<=40,"🟡주의",IF(S21<=60,"🟢안전","✅충분"))) -> ✅충분 | V21: =IFERROR(SUMIF('[1](전체)FCST'!$D:$D,$D21,'[1](전체)FCST'!$H:$H),0) -> 2041.6911 | W21: =IFERROR(VLOOKUP($D21,'[1]판매량,재고(피벗)'!$B:$C,2,0),0) -> 18 | X21: =IFERROR(W21/$M$2*$O$2,0) -> 56.571429 | AA21: =MAX(SUM(N21-X21+Y21),0) -> 271.42857 | AB21: =IFERROR(AA21/AC21,0) -> 0.23709303 | AC21: =IFERROR(VLOOKUP($D21,'[1]DNC 재고 현황'!$F:$V,14,0),0) -> 1144.8189 | AD21: =SUMIFS('[1]입고 예정'!$C:$C,'[1]입고 예정'!$A:$A,모니터링!D21,'[1]입고 예정'!$F:$F,모니터링!AD$6) -> 5000 | AF21: =MAX(IFERROR(SUM((AA21-AC21)+AD21),0),0) -> 4126.6097 | AG21: =IFERROR(AF21/AH21,0) -> 2.0211724 | AH21: =IFERROR(VLOOKUP($D21,'[1]DNC 재고 현황'!$F:$V,15,0),0) -> 2041.6911 | AI21: =SUMIFS('[1]입고 예정'!$C:$C,'[1]입고 예정'!$A:$A,모니터링!D21,'[1]입고 예정'!$F:$F,모니터링!AI$6) -> 3000 | AK21: =MAX(IFERROR(SUM((AF21-AH21)+AI21),0),0) -> 5084.9186 | AL21: =IFERROR(AK21/AM21,0) -> 1.5074834 | AM21: =IFERROR(VLOOKUP($D21,'[1]DNC 재고 현황'!$F:$V,16,0),0) -> 3373.1175 | AN21: =SUMIFS('[1]입고 예정'!$C:$C,'[1]입고 예정'!$A:$A,모니터링!D21,'[1]입고 예정'!$F:$F,모니터링!AN$6) -> 0 | AP21: =MAX(IFERROR(SUM((AK21-AM21)+AN21),0),0) -> 1711.8011 | AQ21: =IFERROR(AP21/AR21,0) -> 0.7914415 | AR21: =IFERROR(VLOOKUP($D21,'[1]DNC 재고 현황'!$F:$V,17,0),0) -> 2162.8903 | AS21: =SUMIFS('[1]입고 예정'!$C:$C,'[1]입고 예정'!$A:$A,모니터링!D21,'[1]입고 예정'!$F:$F,모니터링!AS$6) -> 0 | AU21: =MAX(IFERROR(AP21-AR21+AS21,0),0) -> 0 | AV21: =IFERROR(AU21/#REF!,0) -> 0
A22: - | B22: 제품 | C22: 소진후 단종 | D22: 9310964 | E22: =VLOOKUP($D22,'[1]SAP 코드내역'!$A:$D,4,0) -> [세트_임가공]멜라_로즈앰플15ml+로즈미스트50ml_듀오세트(카카오) | F22: (주)이지메디컴 | I22: 13785.651 | J22: 45363.976 | K22: =IFERROR(VLOOKUP($D22,'[1]DNC 재고 현황'!$F:$AI,29,0),0) -> 1 | L22: =IFERROR(VLOOKUP($D22,'[1]DNC 재고 현황'!$F:$AI,30,),0) -> 0 | M22: =K22+L22 -> 1 | N22: =VLOOKUP($D22,'[1]DNC 재고 현황'!$F:$X,19,0) -> 1 | O22: =IFERROR(IF($M22/$V22>1,100%,IF($M22/$V22<0,0%,$M22/$V22)),"계획없음") -> 0.046618817 | P22: =$Y22+$AD22+$AI22+$AN22+$AI22 -> 0 | Q22: =IFERROR(W22/$M$2,0) -> 0 | R22: =IFERROR(M22/$Q22,0) -> 0 | S22: =IFERROR(N22/$Q22,0) -> 0 | T22: =IFERROR(TODAY()+(M22/Q22),"") | U22: =IF(S22<=1,"🔴판매없음",IF(S22<=40,"🟡주의",IF(S22<=60,"🟢안전","✅충분"))) -> 🔴판매없음 | V22: =IFERROR(SUMIF('[1](전체)FCST'!$D:$D,$D22,'[1](전체)FCST'!$H:$H),0) -> 21.450566 | W22: =IFERROR(VLOOKUP($D22,'[1]판매량,재고(피벗)'!$B:$C,2,0),0) -> 0 | X22: =IFERROR(W22/$M$2*$O$2,0) -> 0 | AA22: =MAX(SUM(N22-X22+Y22),0) -> 1 | AB22: =IFERROR(AA22/AC22,0) -> 0.046618817 | AC22: =IFERROR(VLOOKUP($D22,'[1]DNC 재고 현황'!$F:$V,14,0),0) -> 21.450566 | AD22: =SUMIFS('[1]입고 예정'!$C:$C,'[1]입고 예정'!$A:$A,모니터링!D22,'[1]입고 예정'!$F:$F,모니터링!AD$6) -> 0 | AF22: =MAX(IFERROR(SUM((AA22-AC22)+AD22),0),0) -> 0 | AG22: =IFERROR(AF22/AH22,0) -> 0 | AH22: =IFERROR(VLOOKUP($D22,'[1]DNC 재고 현황'!$F:$V,15,0),0) -> 21.450566 | AI22: =SUMIFS('[1]입고 예정'!$C:$C,'[1]입고 예정'!$A:$A,모니터링!D22,'[1]입고 예정'!$F:$F,모니터링!AI$6) -> 0 | AK22: =MAX(IFERROR(SUM((AF22-AH22)+AI22),0),0) -> 0 | AL22: =IFERROR(AK22/AM22,0) -> 0 | AM22: =IFERROR(VLOOKUP($D22,'[1]DNC 재고 현황'!$F:$V,16,0),0) -> 0 | AN22: =SUMIFS('[1]입고 예정'!$C:$C,'[1]입고 예정'!$A:$A,모니터링!D22,'[1]입고 예정'!$F:$F,모니터링!AN$6) -> 0 | AP22: =MAX(IFERROR(SUM((AK22-AM22)+AN22),0),0) -> 0 | AQ22: =IFERROR(AP22/AR22,0) -> 0 | AR22: =IFERROR(VLOOKUP($D22,'[1]DNC 재고 현황'!$F:$V,17,0),0) -> 0 | AS22: =SUMIFS('[1]입고 예정'!$C:$C,'[1]입고 예정'!$A:$A,모니터링!D22,'[1]입고 예정'!$F:$F,모니터링!AS$6) -> 0 | AU22: =MAX(IFERROR(AP22-AR22+AS22,0),0) -> 0 | AV22: =IFERROR(AU22/#REF!,0) -> 0
A23: - | B23: 제품 | C23: 운영 | D23: 9307278 | E23: =VLOOKUP($D23,'[1]SAP 코드내역'!$A:$D,4,0) -> (단종)멜라_라라필_스텝1_50ml | F23: (주)닥터제이코스 | I23: 6078.8244 | J23: 38151.267 | K23: =IFERROR(VLOOKUP($D23,'[1]DNC 재고 현황'!$F:$AI,29,0),0) -> 0 | L23: =IFERROR(VLOOKUP($D23,'[1]DNC 재고 현황'!$F:$AI,30,),0) -> 0 | M23: =K23+L23 -> 0 | N23: =VLOOKUP($D23,'[1]DNC 재고 현황'!$F:$X,19,0) -> 10297 | O23: =IFERROR(IF($M23/$V23>1,100%,IF($M23/$V23<0,0%,$M23/$V23)),"계획없음") -> 0 | P23: =$Y23+$AD23+$AI23+$AN23+$AI23 -> 0 | Q23: =IFERROR(W23/$M$2,0) -> 0 | R23: =IFERROR(M23/$Q23,0) -> 0 | S23: =IFERROR(N23/$Q23,0) -> 0 | T23: =IFERROR(TODAY()+(M23/Q23),"") | U23: =IF(S23<=1,"🔴판매없음",IF(S23<=40,"🟡주의",IF(S23<=60,"🟢안전","✅충분"))) -> 🔴판매없음 | V23: =IFERROR(SUMIF('[1](전체)FCST'!$D:$D,$D23,'[1](전체)FCST'!$H:$H),0) -> 130.42414 | W23: =IFERROR(VLOOKUP($D23,'[1]판매량,재고(피벗)'!$B:$C,2,0),0) -> 0 | X23: =IFERROR(W23/$M$2*$O$2,0) -> 0 | AA23: =MAX(SUM(N23-X23+Y23),0) -> 10297 | AB23: =IFERROR(AA23/AC23,0) -> 48.9345 | AC23: =IFERROR(VLOOKUP($D23,'[1]DNC 재고 현황'!$F:$V,14,0),0) -> 210.42414 | AD23: =SUMIFS('[1]입고 예정'!$C:$C,'[1]입고 예정'!$A:$A,모니터링!D23,'[1]입고 예정'!$F:$F,모니터링!AD$6) -> 0 | AF23: =MAX(IFERROR(SUM((AA23-AC23)+AD23),0),0) -> 10086.576 | AG23: =IFERROR(AF23/AH23,0) -> 77.336726 | AH23: =IFERROR(VLOOKUP($D23,'[1]DNC 재고 현황'!$F:$V,15,0),0) -> 130.42414 | AI23: =SUMIFS('[1]입고 예정'!$C:$C,'[1]입고 예정'!$A:$A,모니터링!D23,'[1]입고 예정'!$F:$F,모니터링!AI$6) -> 0 | AK23: =MAX(IFERROR(SUM((AF23-AH23)+AI23),0),0) -> 9956.1517 | AL23: =IFERROR(AK23/AM23,0) -> 4.6733191 | AM23: =IFERROR(VLOOKUP($D23,'[1]DNC 재고 현황'!$F:$V,16,0),0) -> 2130.4241 | AN23: =SUMIFS('[1]입고 예정'!$C:$C,'[1]입고 예정'!$A:$A,모니터링!D23,'[1]입고 예정'!$F:$F,모니터링!AN$6) -> 0 | AP23: =MAX(IFERROR(SUM((AK23-AM23)+AN23),0),0) -> 7825.7276 | AQ23: =IFERROR(AP23/AR23,0) -> 12.820148 | AR23: =IFERROR(VLOOKUP($D23,'[1]DNC 재고 현황'!$F:$V,17,0),0) -> 610.42414 | AS23: =SUMIFS('[1]입고 예정'!$C:$C,'[1]입고 예정'!$A:$A,모니터링!D23,'[1]입고 예정'!$F:$F,모니터링!AS$6) -> 0 | AU23: =MAX(IFERROR(AP23-AR23+AS23,0),0) -> 7215.3034 | AV23: =IFERROR(AU23/#REF!,0) -> 0
A24: - | B24: 판촉물 | C24: 운영 | D24: 7301751 | E24: =VLOOKUP($D24,'[1]SAP 코드내역'!$A:$D,4,0) -> (단종)[판촉물_쇼핑백]24년추석_미니 | F24: 고문당인쇄(주) | I24: 250 | J24: 409.41393 | K24: =IFERROR(VLOOKUP($D24,'[1]DNC 재고 현황'!$F:$AI,29,0),0) -> 0 | L24: =IFERROR(VLOOKUP($D24,'[1]DNC 재고 현황'!$F:$AI,30,),0) -> 2 | M24: =K24+L24 -> 2 | N24: =VLOOKUP($D24,'[1]DNC 재고 현황'!$F:$X,19,0) -> 2 | O24: =IFERROR(IF($M24/$V24>1,100%,IF($M24/$V24<0,0%,$M24/$V24)),"계획없음") -> 0.083658039 | P24: =$Y24+$AD24+$AI24+$AN24+$AI24 -> 0 | Q24: =IFERROR(W24/$M$2,0) -> 0 | R24: =IFERROR(M24/$Q24,0) -> 0 | S24: =IFERROR(N24/$Q24,0) -> 0 | T24: =IFERROR(TODAY()+(M24/Q24),"") | U24: =IF(S24<=1,"🔴판매없음",IF(S24<=40,"🟡주의",IF(S24<=60,"🟢안전","✅충분"))) -> 🔴판매없음 | V24: =IFERROR(SUMIF('[1](전체)FCST'!$D:$D,$D24,'[1](전체)FCST'!$H:$H),0) -> 23.906848 | W24: =IFERROR(VLOOKUP($D24,'[1]판매량,재고(피벗)'!$B:$C,2,0),0) -> 0 | X24: =IFERROR(W24/$M$2*$O$2,0) -> 0 | AA24: =MAX(SUM(N24-X24+Y24),0) -> 2 | AB24: =IFERROR(AA24/AC24,0) -> 0.075592303 | AC24: =IFERROR(VLOOKUP($D24,'[1]DNC 재고 현황'!$F:$V,14,0),0) -> 26.45772 | AD24: =SUMIFS('[1]입고 예정'!$C:$C,'[1]입고 예정'!$A:$A,모니터링!D24,'[1]입고 예정'!$F:$F,모니터링!AD$6) -> 0 | AF24: =MAX(IFERROR(SUM((AA24-AC24)+AD24),0),0) -> 0 | AG24: =IFERROR(AF24/AH24,0) -> 0 | AH24: =IFERROR(VLOOKUP($D24,'[1]DNC 재고 현황'!$F:$V,15,0),0) -> 23.906848 | AI24: =SUMIFS('[1]입고 예정'!$C:$C,'[1]입고 예정'!$A:$A,모니터링!D24,'[1]입고 예정'!$F:$F,모니터링!AI$6) -> 0 | AK24: =MAX(IFERROR(SUM((AF24-AH24)+AI24),0),0) -> 0 | AL24: =IFERROR(AK24/AM24,0) -> 0 | AM24: =IFERROR(VLOOKUP($D24,'[1]DNC 재고 현황'!$F:$V,16,0),0) -> 0 | AN24: =SUMIFS('[1]입고 예정'!$C:$C,'[1]입고 예정'!$A:$A,모니터링!D24,'[1]입고 예정'!$F:$F,모니터링!AN$6) -> 0 | AP24: =MAX(IFERROR(SUM((AK24-AM24)+AN24),0),0) -> 0 | AQ24: =IFERROR(AP24/AR24,0) -> 0 | AR24: =IFERROR(VLOOKUP($D24,'[1]DNC 재고 현황'!$F:$V,17,0),0) -> 0 | AS24: =SUMIFS('[1]입고 예정'!$C:$C,'[1]입고 예정'!$A:$A,모니터링!D24,'[1]입고 예정'!$F:$F,모니터링!AS$6) -> 0 | AU24: =MAX(IFERROR(AP24-AR24+AS24,0),0) -> 0 | AV24: =IFERROR(AU24/#REF!,0) -> 0
A25: - | B25: 제품 | C25: 소진후 단종 | D25: 9307138 | E25: =VLOOKUP($D25,'[1]SAP 코드내역'!$A:$D,4,0) -> (단종)멜라_에센스크림_45ml | F25: 코스맥스(주) | I25: 3262.9566 | J25: 12900.112 | K25: =IFERROR(VLOOKUP($D25,'[1]DNC 재고 현황'!$F:$AI,29,0),0) -> 0 | L25: =IFERROR(VLOOKUP($D25,'[1]DNC 재고 현황'!$F:$AI,30,),0) -> 0 | M25: =K25+L25 -> 0 | N25: =VLOOKUP($D25,'[1]DNC 재고 현황'!$F:$X,19,0) -> 68 | O25: =IFERROR(IF($M25/$V25>1,100%,IF($M25/$V25<0,0%,$M25/$V25)),"계획없음") -> 0 | P25: =$Y25+$AD25+$AI25+$AN25+$AI25 -> 0 | Q25: =IFERROR(W25/$M$2,0) -> 0 | R25: =IFERROR(M25/$Q25,0) -> 0 | S25: =IFERROR(N25/$Q25,0) -> 0 | T25: =IFERROR(TODAY()+(M25/Q25),"") | U25: =IF(S25<=1,"🔴판매없음",IF(S25<=40,"🟡주의",IF(S25<=60,"🟢안전","✅충분"))) -> 🔴판매없음 | V25: =IFERROR(SUMIF('[1](전체)FCST'!$D:$D,$D25,'[1](전체)FCST'!$H:$H),0) -> 95.783456 | W25: =IFERROR(VLOOKUP($D25,'[1]판매량,재고(피벗)'!$B:$C,2,0),0) -> 0 | X25: =IFERROR(W25/$M$2*$O$2,0) -> 0 | AA25: =MAX(SUM(N25-X25+Y25),0) -> 68 | AB25: =IFERROR(AA25/AC25,0) -> 0.71579768 | AC25: =IFERROR(VLOOKUP($D25,'[1]DNC 재고 현황'!$F:$V,14,0),0) -> 94.998911 | AD25: =SUMIFS('[1]입고 예정'!$C:$C,'[1]입고 예정'!$A:$A,모니터링!D25,'[1]입고 예정'!$F:$F,모니터링!AD$6) -> 0 | AF25: =MAX(IFERROR(SUM((AA25-AC25)+AD25),0),0) -> 0 | AG25: =IFERROR(AF25/AH25,0) -> 0 | AH25: =IFERROR(VLOOKUP($D25,'[1]DNC 재고 현황'!$F:$V,15,0),0) -> 95.783456 | AI25: =SUMIFS('[1]입고 예정'!$C:$C,'[1]입고 예정'!$A:$A,모니터링!D25,'[1]입고 예정'!$F:$F,모니터링!AI$6) -> 0 | AK25: =MAX(IFERROR(SUM((AF25-AH25)+AI25),0),0) -> 0 | AL25: =IFERROR(AK25/AM25,0) -> 0 | AM25: =IFERROR(VLOOKUP($D25,'[1]DNC 재고 현황'!$F:$V,16,0),0) -> 95 | AN25: =SUMIFS('[1]입고 예정'!$C:$C,'[1]입고 예정'!$A:$A,모니터링!D25,'[1]입고 예정'!$F:$F,모니터링!AN$6) -> 0 | AP25: =MAX(IFERROR(SUM((AK25-AM25)+AN25),0),0) -> 0 | AQ25: =IFERROR(AP25/AR25,0) -> 0 | AR25: =IFERROR(VLOOKUP($D25,'[1]DNC 재고 현황'!$F:$V,17,0),0) -> 95 | AS25: =SUMIFS('[1]입고 예정'!$C:$C,'[1]입고 예정'!$A:$A,모니터링!D25,'[1]입고 예정'!$F:$F,모니터링!AS$6) -> 0 | AU25: =MAX(IFERROR(AP25-AR25+AS25,0),0) -> 0 | AV25: =IFERROR(AU25/#REF!,0) -> 0
A26: - | B26: 완제품 | C26: 운영 | D26: 9313049 | E26: =VLOOKUP($D26,'[1]SAP 코드내역'!$A:$D,4,0) -> 멜라_토닝앰플파운데이션_23호베이지_15ml | H26: 신제품 | I26: 3461.2924 | J26: 27468.684 | K26: =IFERROR(VLOOKUP($D26,'[1]DNC 재고 현황'!$F:$AI,29,0),0) -> 2081 | L26: =IFERROR(VLOOKUP($D26,'[1]DNC 재고 현황'!$F:$AI,30,),0) -> 0 | M26: =K26+L26 -> 2081 | N26: =VLOOKUP($D26,'[1]DNC 재고 현황'!$F:$X,19,0) -> 2081 | O26: =IFERROR(IF($M26/$V26>1,100%,IF($M26/$V26<0,0%,$M26/$V26)),"계획없음") -> 1 | P26: =$Y26+$AD26+$AI26+$AN26+$AI26 -> 1900 | Q26: =IFERROR(W26/$M$2,0) -> 8.7142857 | R26: =IFERROR(M26/$Q26,0) -> 238.80328 | S26: =IFERROR(N26/$Q26,0) -> 238.80328 | T26: =IFERROR(TODAY()+(M26/Q26),"") -> 46358.803 | U26: =IF(S26<=1,"🔴판매없음",IF(S26<=40,"🟡주의",IF(S26<=60,"🟢안전","✅충분"))) -> ✅충분 | V26: =IFERROR(SUMIF('[1](전체)FCST'!$D:$D,$D26,'[1](전체)FCST'!$H:$H),0) -> 581.88469 | W26: =IFERROR(VLOOKUP($D26,'[1]판매량,재고(피벗)'!$B:$C,2,0),0) -> 61 | X26: =IFERROR(W26/$M$2*$O$2,0) -> 191.71429 | AA26: =MAX(SUM(N26-X26+Y26),0) -> 1889.2857 | AB26: =IFERROR(AA26/AC26,0) -> 3.2226423 | AC26: =IFERROR(VLOOKUP($D26,'[1]DNC 재고 현황'!$F:$V,14,0),0) -> 586.25362 | AD26: =SUMIFS('[1]입고 예정'!$C:$C,'[1]입고 예정'!$A:$A,모니터링!D26,'[1]입고 예정'!$F:$F,모니터링!AD$6) -> 1900 | AF26: =MAX(IFERROR(SUM((AA26-AC26)+AD26),0),0) -> 3203.0321 | AG26: =IFERROR(AF26/AH26,0) -> 5.5045822 | AH26: =IFERROR(VLOOKUP($D26,'[1]DNC 재고 현황'!$F:$V,15,0),0) -> 581.88469 | AI26: =SUMIFS('[1]입고 예정'!$C:$C,'[1]입고 예정'!$A:$A,모니터링!D26,'[1]입고 예정'!$F:$F,모니터링!AI$6) -> 0 | AK26: =MAX(IFERROR(SUM((AF26-AH26)+AI26),0),0) -> 2621.1474 | AL26: =IFERROR(AK26/AM26,0) -> 4.4950677 | AM26: =IFERROR(VLOOKUP($D26,'[1]DNC 재고 현황'!$F:$V,16,0),0) -> 583.11633 | AN26: =SUMIFS('[1]입고 예정'!$C:$C,'[1]입고 예정'!$A:$A,모니터링!D26,'[1]입고 예정'!$F:$F,모니터링!AN$6) -> 0 | AP26: =MAX(IFERROR(SUM((AK26-AM26)+AN26),0),0) -> 2038.0311 | AQ26: =IFERROR(AP26/AR26,0) -> 3.4950677 | AR26: =IFERROR(VLOOKUP($D26,'[1]DNC 재고 현황'!$F:$V,17,0),0) -> 583.11633 | AS26: =SUMIFS('[1]입고 예정'!$C:$C,'[1]입고 예정'!$A:$A,모니터링!D26,'[1]입고 예정'!$F:$F,모니터링!AS$6) -> 0 | AU26: =MAX(IFERROR(AP26-AR26+AS26,0),0) -> 1454.9147 | AV26: =IFERROR(AU26/#REF!,0) -> 0
A27: - | B27: 판촉물 | C27: 운영 | D27: 7302317 | E27: =VLOOKUP($D27,'[1]SAP 코드내역'!$A:$D,4,0) -> [판촉물_퍼프]멜라_토닝앰플쿠션_퍼프(2개입)_v2 | F27: (주)휴엠앤씨 | I27: 630 | J27: 4450.7866 | K27: =IFERROR(VLOOKUP($D27,'[1]DNC 재고 현황'!$F:$AI,29,0),0) -> 20980 | L27: =IFERROR(VLOOKUP($D27,'[1]DNC 재고 현황'!$F:$AI,30,),0) -> 32898 | M27: =K27+L27 -> 53878 | N27: =VLOOKUP($D27,'[1]DNC 재고 현황'!$F:$X,19,0) -> 54410 | O27: =IFERROR(IF($M27/$V27>1,100%,IF($M27/$V27<0,0%,$M27/$V27)),"계획없음") -> 1 | P27: =$Y27+$AD27+$AI27+$AN27+$AI27 -> 3000 | Q27: =IFERROR(W27/$M$2,0) -> 501.85714 | R27: =IFERROR(M27/$Q27,0) -> 107.35724 | S27: =IFERROR(N27/$Q27,0) -> 108.41731 | T27: =IFERROR(TODAY()+(M27/Q27),"") -> 46227.357 | U27: =IF(S27<=1,"🔴판매없음",IF(S27<=40,"🟡주의",IF(S27<=60,"🟢안전","✅충분"))) -> ✅충분 | V27: =IFERROR(SUMIF('[1](전체)FCST'!$D:$D,$D27,'[1](전체)FCST'!$H:$H),0) -> 3068.3925 | W27: =IFERROR(VLOOKUP($D27,'[1]판매량,재고(피벗)'!$B:$C,2,0),0) -> 3513 | X27: =IFERROR(W27/$M$2*$O$2,0) -> 11040.857 | AA27: =MAX(SUM(N27-X27+Y27),0) -> 43369.143 | AB27: =IFERROR(AA27/AC27,0) -> 14.824321 | AC27: =IFERROR(VLOOKUP($D27,'[1]DNC 재고 현황'!$F:$V,14,0),0) -> 2925.54 | AD27: =SUMIFS('[1]입고 예정'!$C:$C,'[1]입고 예정'!$A:$A,모니터링!D178,'[1]입고 예정'!$F:$F,모니터링!AD$6) -> 3000 | AF27: =MAX(IFERROR(SUM((AA27-AC27)+AD27),0),0) -> 43443.603 | AG27: =IFERROR(AF27/AH27,0) -> 14.158424 | AH27: =IFERROR(VLOOKUP($D27,'[1]DNC 재고 현황'!$F:$V,15,0),0) -> 3068.3925 | AI27: =SUMIFS('[1]입고 예정'!$C:$C,'[1]입고 예정'!$A:$A,모니터링!D178,'[1]입고 예정'!$F:$F,모니터링!AI$6) -> 0 | AK27: =MAX(IFERROR(SUM((AF27-AH27)+AI27),0),0) -> 40375.21 | AL27: =IFERROR(AK27/AM27,0) -> 7.9494846 | AM27: =IFERROR(VLOOKUP($D27,'[1]DNC 재고 현황'!$F:$V,16,0),0) -> 5078.9721 | AN27: =SUMIFS('[1]입고 예정'!$C:$C,'[1]입고 예정'!$A:$A,모니터링!D178,'[1]입고 예정'!$F:$F,모니터링!AN$6) -> 0 | AP27: =MAX(IFERROR(SUM((AK27-AM27)+AN27),0),0) -> 35296.238 | AQ27: =IFERROR(AP27/AR27,0) -> 6.9838609 | AR27: =IFERROR(VLOOKUP($D27,'[1]DNC 재고 현황'!$F:$V,17,0),0) -> 5053.9721 | AS27: =SUMIFS('[1]입고 예정'!$C:$C,'[1]입고 예정'!$A:$A,모니터링!D178,'[1]입고 예정'!$F:$F,모니터링!AS$6) -> 0 | AU27: =MAX(IFERROR(AP27-AR27+AS27,0),0) -> 30242.266 | AV27: =IFERROR(AU27/#REF!,0) -> 0
A28: - | B28: 판촉물 | C28: 운영 | D28: 7302335 | E28: =VLOOKUP($D28,'[1]SAP 코드내역'!$A:$D,4,0) -> (단종)[판촉물_퍼프]멜라_토닝앰플쿠션_퍼프(1개입) | I28: 325 | J28: 0 | K28: =IFERROR(VLOOKUP($D28,'[1]DNC 재고 현황'!$F:$AI,29,0),0) -> 4333 | L28: =IFERROR(VLOOKUP($D28,'[1]DNC 재고 현황'!$F:$AI,30,),0) -> 0 | M28: =K28+L28 -> 4333 | N28: =VLOOKUP($D28,'[1]DNC 재고 현황'!$F:$X,19,0) -> 4333 | O28: =IFERROR(IF($M28/$V28>1,100%,IF($M28/$V28<0,0%,$M28/$V28)),"계획없음") -> 계획없음 | P28: =$Y28+$AD28+$AI28+$AN28+$AI28 -> 0 | Q28: =IFERROR(W28/$M$2,0) -> 0 | R28: =IFERROR(M28/$Q28,0) -> 0 | S28: =IFERROR(N28/$Q28,0) -> 0 | T28: =IFERROR(TODAY()+(M28/Q28),"") | U28: =IF(S28<=1,"🔴판매없음",IF(S28<=40,"🟡주의",IF(S28<=60,"🟢안전","✅충분"))) -> 🔴판매없음 | V28: =IFERROR(SUMIF('[1](전체)FCST'!$D:$D,$D28,'[1](전체)FCST'!$H:$H),0) -> 0 | W28: =IFERROR(VLOOKUP($D28,'[1]판매량,재고(피벗)'!$B:$C,2,0),0) -> 0 | X28: =IFERROR(W28/$M$2*$O$2,0) -> 0 | AA28: =MAX(SUM(N28-X28+Y28),0) -> 4333 | AB28: =IFERROR(AA28/AC28,0) -> 0 | AC28: =IFERROR(VLOOKUP($D28,'[1]DNC 재고 현황'!$F:$V,14,0),0) -> 0 | AD28: =SUMIFS('[1]입고 예정'!$C:$C,'[1]입고 예정'!$A:$A,모니터링!D672,'[1]입고 예정'!$F:$F,모니터링!AD$6) -> 0 | AF28: =MAX(IFERROR(SUM((AA28-AC28)+AD28),0),0) -> 4333 | AG28: =IFERROR(AF28/AH28,0) -> 0 | AH28: =IFERROR(VLOOKUP($D28,'[1]DNC 재고 현황'!$F:$V,15,0),0) -> 0 | AI28: =SUMIFS('[1]입고 예정'!$C:$C,'[1]입고 예정'!$A:$A,모니터링!D672,'[1]입고 예정'!$F:$F,모니터링!AI$6) -> 0 | AK28: =MAX(IFERROR(SUM((AF28-AH28)+AI28),0),0) -> 4333 | AL28: =IFERROR(AK28/AM28,0) -> 0 | AM28: =IFERROR(VLOOKUP($D28,'[1]DNC 재고 현황'!$F:$V,16,0),0) -> 0 | AN28: =SUMIFS('[1]입고 예정'!$C:$C,'[1]입고 예정'!$A:$A,모니터링!D672,'[1]입고 예정'!$F:$F,모니터링!AN$6) -> 0 | AP28: =MAX(IFERROR(SUM((AK28-AM28)+AN28),0),0) -> 4333 | AQ28: =IFERROR(AP28/AR28,0) -> 0 | AR28: =IFERROR(VLOOKUP($D28,'[1]DNC 재고 현황'!$F:$V,17,0),0) -> 0 | AS28: =SUMIFS('[1]입고 예정'!$C:$C,'[1]입고 예정'!$A:$A,모니터링!D672,'[1]입고 예정'!$F:$F,모니터링!AS$6) -> 0 | AU28: =MAX(IFERROR(AP28-AR28+AS28,0),0) -> 4333 | AV28: =IFERROR(AU28/#REF!,0) -> 0
A29: - | B29: 제품 | C29: 소진후 단종 | D29: 9310930 | E29: =VLOOKUP($D29,'[1]SAP 코드내역'!$A:$D,4,0) -> (단종)[임가공]멜라_로즈앰플30ml+앰플쿠션23호(15g)_25가정의달 | F29: (주)이지메디컴 | I29: 14095.189 | J29: 0 | K29: =IFERROR(VLOOKUP($D29,'[1]DNC 재고 현황'!$F:$AI,29,0),0) -> 37 | L29: =IFERROR(VLOOKUP($D29,'[1]DNC 재고 현황'!$F:$AI,30,),0) -> 0 | M29: =K29+L29 -> 37 | N29: =VLOOKUP($D29,'[1]DNC 재고 현황'!$F:$X,19,0) -> 37 | O29: =IFERROR(IF($M29/$V29>1,100%,IF($M29/$V29<0,0%,$M29/$V29)),"계획없음") -> 계획없음 | P29: =$Y29+$AD29+$AI29+$AN29+$AI29 -> 0 | Q29: =IFERROR(W29/$M$2,0) -> 0 | R29: =IFERROR(M29/$Q29,0) -> 0 | S29: =IFERROR(N29/$Q29,0) -> 0 | T29: =IFERROR(TODAY()+(M29/Q29),"") | U29: =IF(S29<=1,"🔴판매없음",IF(S29<=40,"🟡주의",IF(S29<=60,"🟢안전","✅충분"))) -> 🔴판매없음 | V29: =IFERROR(SUMIF('[1](전체)FCST'!$D:$D,$D29,'[1](전체)FCST'!$H:$H),0) -> 0 | W29: =IFERROR(VLOOKUP($D29,'[1]판매량,재고(피벗)'!$B:$C,2,0),0) -> 0 | X29: =IFERROR(W29/$M$2*$O$2,0) -> 0 | AA29: =MAX(SUM(N29-X29+Y29),0) -> 37 | AB29: =IFERROR(AA29/AC29,0) -> 0 | AC29: =IFERROR(VLOOKUP($D29,'[1]DNC 재고 현황'!$F:$V,14,0),0) -> 0 | AD29: =SUMIFS('[1]입고 예정'!$C:$C,'[1]입고 예정'!$A:$A,모니터링!D342,'[1]입고 예정'!$F:$F,모니터링!AD$6) -> 0 | AF29: =MAX(IFERROR(SUM((AA29-AC29)+AD29),0),0) -> 37 | AG29: =IFERROR(AF29/AH29,0) -> 0 | AH29: =IFERROR(VLOOKUP($D29,'[1]DNC 재고 현황'!$F:$V,15,0),0) -> 0 | AI29: =SUMIFS('[1]입고 예정'!$C:$C,'[1]입고 예정'!$A:$A,모니터링!D342,'[1]입고 예정'!$F:$F,모니터링!AI$6) -> 0 | AK29: =MAX(IFERROR(SUM((AF29-AH29)+AI29),0),0) -> 37 | AL29: =IFERROR(AK29/AM29,0) -> 0 | AM29: =IFERROR(VLOOKUP($D29,'[1]DNC 재고 현황'!$F:$V,16,0),0) -> 0 | AN29: =SUMIFS('[1]입고 예정'!$C:$C,'[1]입고 예정'!$A:$A,모니터링!D342,'[1]입고 예정'!$F:$F,모니터링!AN$6) -> 0 | AP29: =MAX(IFERROR(SUM((AK29-AM29)+AN29),0),0) -> 37 | AQ29: =IFERROR(AP29/AR29,0) -> 0 | AR29: =IFERROR(VLOOKUP($D29,'[1]DNC 재고 현황'!$F:$V,17,0),0) -> 0 | AS29: =SUMIFS('[1]입고 예정'!$C:$C,'[1]입고 예정'!$A:$A,모니터링!D342,'[1]입고 예정'!$F:$F,모니터링!AS$6) -> 0 | AU29: =MAX(IFERROR(AP29-AR29+AS29,0),0) -> 37 | AV29: =IFERROR(AU29/#REF!,0) -> 0
A30: - | B30: 판촉물 | C30: 운영 | D30: 9312546 | E30: =VLOOKUP($D30,'[1]SAP 코드내역'!$A:$D,4,0) -> 비타_피디알엔_18토닝세럼_30ml(일본) | H30: 신제품 | I30: 0 | J30: 0 | K30: =IFERROR(VLOOKUP($D30,'[1]DNC 재고 현황'!$F:$AI,29,0),0) -> 0 | L30: =IFERROR(VLOOKUP($D30,'[1]DNC 재고 현황'!$F:$AI,30,),0) -> 0 | M30: =K30+L30 -> 0 | N30: =VLOOKUP($D30,'[1]DNC 재고 현황'!$F:$X,19,0) -> 4475 | O30: =IFERROR(IF($M30/$V30>1,100%,IF($M30/$V30<0,0%,$M30/$V30)),"계획없음") -> 0 | P30: =$Y30+$AD30+$AI30+$AN30+$AI30 -> 0 | Q30: =IFERROR(W30/$M$2,0) -> 0 | R30: =IFERROR(M30/$Q30,0) -> 0 | S30: =IFERROR(N30/$Q30,0) -> 0 | T30: =IFERROR(TODAY()+(M30/Q30),"") | U30: =IF(S30<=1,"🔴판매없음",IF(S30<=40,"🟡주의",IF(S30<=60,"🟢안전","✅충분"))) -> 🔴판매없음 | V30: =IFERROR(SUMIF('[1](전체)FCST'!$D:$D,$D30,'[1](전체)FCST'!$H:$H),0) -> 5000 | W30: =IFERROR(VLOOKUP($D30,'[1]판매량,재고(피벗)'!$B:$C,2,0),0) -> 0 | X30: =IFERROR(W30/$M$2*$O$2,0) -> 0 | AA30: =MAX(SUM(N30-X30+Y30),0) -> 4475 | AB30: =IFERROR(AA30/AC30,0) -> 0.29833333 | AC30: =IFERROR(VLOOKUP($D30,'[1]DNC 재고 현황'!$F:$V,14,0),0) -> 15000 | AD30: =SUMIFS('[1]입고 예정'!$C:$C,'[1]입고 예정'!$A:$A,모니터링!D9,'[1]입고 예정'!$F:$F,모니터링!AD$6) -> 0 | AF30: =MAX(IFERROR(SUM((AA30-AC30)+AD30),0),0) -> 0 | AG30: =IFERROR(AF30/AH30,0) -> 0 | AH30: =IFERROR(VLOOKUP($D30,'[1]DNC 재고 현황'!$F:$V,15,0),0) -> 5000 | AI30: =SUMIFS('[1]입고 예정'!$C:$C,'[1]입고 예정'!$A:$A,모니터링!D9,'[1]입고 예정'!$F:$F,모니터링!AI$6) -> 0 | AK30: =MAX(IFERROR(SUM((AF30-AH30)+AI30),0),0) -> 0 | AL30: =IFERROR(AK30/AM30,0) -> 0 | AM30: =IFERROR(VLOOKUP($D30,'[1]DNC 재고 현황'!$F:$V,16,0),0) -> 3000 | AN30: =SUMIFS('[1]입고 예정'!$C:$C,'[1]입고 예정'!$A:$A,모니터링!D9,'[1]입고 예정'!$F:$F,모니터링!AN$6) -> 0 | AP30: =MAX(IFERROR(SUM((AK30-AM30)+AN30),0),0) -> 0 | AQ30: =IFERROR(AP30/AR30,0) -> 0 | AR30: =IFERROR(VLOOKUP($D30,'[1]DNC 재고 현황'!$F:$V,17,0),0) -> 5000 | AS30: =SUMIFS('[1]입고 예정'!$C:$C,'[1]입고 예정'!$A:$A,모니터링!D9,'[1]입고 예정'!$F:$F,모니터링!AS$6) -> 0 | AU30: =MAX(IFERROR(AP30-AR30+AS30,0),0) -> 0 | AV30: =IFERROR(AU30/#REF!,0) -> 0
A31: - | B31: 제품 | C31: 소진후 단종 | D31: 9307276 | E31: =VLOOKUP($D31,'[1]SAP 코드내역'!$A:$D,4,0) -> 멜라_클리어선패치2매*4회분 | F31: (주) 코바스 | I31: 3149.7032 | J31: 9430.6891 | K31: =IFERROR(VLOOKUP($D31,'[1]DNC 재고 현황'!$F:$AI,29,0),0) -> 4 | L31: =IFERROR(VLOOKUP($D31,'[1]DNC 재고 현황'!$F:$AI,30,),0) -> 0 | M31: =K31+L31 -> 4 | N31: =VLOOKUP($D31,'[1]DNC 재고 현황'!$F:$X,19,0) -> 1044 | O31: =IFERROR(IF($M31/$V31>1,100%,IF($M31/$V31<0,0%,$M31/$V31)),"계획없음") -> 1 | P31: =$Y31+$AD31+$AI31+$AN31+$AI31 -> 0 | Q31: =IFERROR(W31/$M$2,0) -> 0 | R31: =IFERROR(M31/$Q31,0) -> 0 | S31: =IFERROR(N31/$Q31,0) -> 0 | T31: =IFERROR(TODAY()+(M31/Q31),"") | U31: =IF(S31<=1,"🔴판매없음",IF(S31<=40,"🟡주의",IF(S31<=60,"🟢안전","✅충분"))) -> 🔴판매없음 | V31: =IFERROR(SUMIF('[1](전체)FCST'!$D:$D,$D31,'[1](전체)FCST'!$H:$H),0) -> 2 | W31: =IFERROR(VLOOKUP($D31,'[1]판매량,재고(피벗)'!$B:$C,2,0),0) -> 0 | X31: =IFERROR(W31/$M$2*$O$2,0) -> 0 | AA31: =MAX(SUM(N31-X31+Y31),0) -> 1044 | AB31: =IFERROR(AA31/AC31,0) -> 40.475648 | AC31: =IFERROR(VLOOKUP($D31,'[1]DNC 재고 현황'!$F:$V,14,0),0) -> 25.793287 | AD31: =SUMIFS('[1]입고 예정'!$C:$C,'[1]입고 예정'!$A:$A,모니터링!D31,'[1]입고 예정'!$F:$F,모니터링!AD$6) -> 0 | AF31: =MAX(IFERROR(SUM((AA31-AC31)+AD31),0),0) -> 1018.2067 | AG31: =IFERROR(AF31/AH31,0) -> 509.10336 | AH31: =IFERROR(VLOOKUP($D31,'[1]DNC 재고 현황'!$F:$V,15,0),0) -> 2 | AI31: =SUMIFS('[1]입고 예정'!$C:$C,'[1]입고 예정'!$A:$A,모니터링!D31,'[1]입고 예정'!$F:$F,모니터링!AI$6) -> 0 | AK31: =MAX(IFERROR(SUM((AF31-AH31)+AI31),0),0) -> 1016.2067 | AL31: =IFERROR(AK31/AM31,0) -> 0.4614926 | AM31: =IFERROR(VLOOKUP($D31,'[1]DNC 재고 현황'!$F:$V,16,0),0) -> 2202 | AN31: =SUMIFS('[1]입고 예정'!$C:$C,'[1]입고 예정'!$A:$A,모니터링!D31,'[1]입고 예정'!$F:$F,모니터링!AN$6) -> 0 | AP31: =MAX(IFERROR(SUM((AK31-AM31)+AN31),0),0) -> 0 | AQ31: =IFERROR(AP31/AR31,0) -> 0 | AR31: =IFERROR(VLOOKUP($D31,'[1]DNC 재고 현황'!$F:$V,17,0),0) -> 520 | AS31: =SUMIFS('[1]입고 예정'!$C:$C,'[1]입고 예정'!$A:$A,모니터링!D31,'[1]입고 예정'!$F:$F,모니터링!AS$6) -> 0 | AU31: =MAX(IFERROR(AP31-AR31+AS31,0),0) -> 0 | AV31: =IFERROR(AU31/#REF!,0) -> 0
A32: 대표품목 | B32: 제품 | C32: 소진후 단종 | D32: 9311880 | E32: =VLOOKUP($D32,'[1]SAP 코드내역'!$A:$D,4,0) -> 멜라B_매트커버팩트_23베이지_본품_19g_v2 | I32: 5171.3673 | J32: 26905.513 | K32: =IFERROR(VLOOKUP($D32,'[1]DNC 재고 현황'!$F:$AI,29,0),0) -> 4983 | L32: =IFERROR(VLOOKUP($D32,'[1]DNC 재고 현황'!$F:$AI,30,),0) -> 0 | M32: =K32+L32 -> 4983 | N32: =VLOOKUP($D32,'[1]DNC 재고 현황'!$F:$X,19,0) -> 5198 | O32: =IFERROR(IF($M32/$V32>1,100%,IF($M32/$V32<0,0%,$M32/$V32)),"계획없음") -> 1 | P32: =$Y32+$AD32+$AI32+$AN32+$AI32 -> 5000 | Q32: =IFERROR(W32/$M$2,0) -> 0.14285714 | R32: =IFERROR(M32/$Q32,0) -> 34881 | S32: =IFERROR(N32/$Q32,0) -> 36386 | T32: =IFERROR(TODAY()+(M32/Q32),"") -> 81001 | U32: =IF(S32<=1,"🔴판매없음",IF(S32<=40,"🟡주의",IF(S32<=60,"🟢안전","✅충분"))) -> ✅충분 | V32: =IFERROR(SUMIF('[1](전체)FCST'!$D:$D,$D32,'[1](전체)FCST'!$H:$H),0) -> 3452.9549 | W32: =IFERROR(VLOOKUP($D32,'[1]판매량,재고(피벗)'!$B:$C,2,0),0) -> 1 | X32: =IFERROR(W32/$M$2*$O$2,0) -> 3.1428571 | AA32: =MAX(SUM(N32-X32+Y32),0) -> 5194.8571 | AB32: =IFERROR(AA32/AC32,0) -> 0.65014639 | AC32: =IFERROR(VLOOKUP($D32,'[1]DNC 재고 현황'!$F:$V,14,0),0) -> 7990.2884 | AD32: =SUMIFS('[1]입고 예정'!$C:$C,'[1]입고 예정'!$A:$A,모니터링!D32,'[1]입고 예정'!$F:$F,모니터링!AD$6) -> 5000 | AF32: =MAX(IFERROR(SUM((AA32-AC32)+AD32),0),0) -> 2204.5687 | AG32: =IFERROR(AF32/AH32,0) -> 0.63845859 | AH32: =IFERROR(VLOOKUP($D32,'[1]DNC 재고 현황'!$F:$V,15,0),0) -> 3452.9549 | AI32: =SUMIFS('[1]입고 예정'!$C:$C,'[1]입고 예정'!$A:$A,모니터링!D32,'[1]입고 예정'!$F:$F,모니터링!AI$6) -> 0 | AK32: =MAX(IFERROR(SUM((AF32-AH32)+AI32),0),0) -> 0 | AL32: =IFERROR(AK32/AM32,0) -> 0 | AM32: =IFERROR(VLOOKUP($D32,'[1]DNC 재고 현황'!$F:$V,16,0),0) -> 5044.1924 | AN32: =SUMIFS('[1]입고 예정'!$C:$C,'[1]입고 예정'!$A:$A,모니터링!D32,'[1]입고 예정'!$F:$F,모니터링!AN$6) -> 0 | AP32: =MAX(IFERROR(SUM((AK32-AM32)+AN32),0),0) -> 0 | AQ32: =IFERROR(AP32/AR32,0) -> 0 | AR32: =IFERROR(VLOOKUP($D32,'[1]DNC 재고 현황'!$F:$V,17,0),0) -> 5038.1924 | AS32: =SUMIFS('[1]입고 예정'!$C:$C,'[1]입고 예정'!$A:$A,모니터링!D32,'[1]입고 예정'!$F:$F,모니터링!AS$6) -> 0 | AU32: =MAX(IFERROR(AP32-AR32+AS32,0),0) -> 0 | AV32: =IFERROR(AU32/#REF!,0) -> 0
A33: - | B33: 제품 | C33: 소진후 단종 | D33: 9308818 | E33: =VLOOKUP($D33,'[1]SAP 코드내역'!$A:$D,4,0) -> (단종)[세트_임가공]멜라_3스텝스페셜세트(명절) | F33: (주)이지메디컴 | I33: 15399.07 | J33: 45454.545 | K33: =IFERROR(VLOOKUP($D33,'[1]DNC 재고 현황'!$F:$AI,29,0),0) -> 0 | L33: =IFERROR(VLOOKUP($D33,'[1]DNC 재고 현황'!$F:$AI,30,),0) -> 0 | M33: =K33+L33 -> 0 | N33: =VLOOKUP($D33,'[1]DNC 재고 현황'!$F:$X,19,0) -> 0 | O33: =IFERROR(IF($M33/$V33>1,100%,IF($M33/$V33<0,0%,$M33/$V33)),"계획없음") -> 0 | P33: =$Y33+$AD33+$AI33+$AN33+$AI33 -> 0 | Q33: =IFERROR(W33/$M$2,0) -> 0 | R33: =IFERROR(M33/$Q33,0) -> 0 | S33: =IFERROR(N33/$Q33,0) -> 0 | T33: =IFERROR(TODAY()+(M33/Q33),"") | U33: =IF(S33<=1,"🔴판매없음",IF(S33<=40,"🟡주의",IF(S33<=60,"🟢안전","✅충분"))) -> 🔴판매없음 | V33: =IFERROR(SUMIF('[1](전체)FCST'!$D:$D,$D33,'[1](전체)FCST'!$H:$H),0) -> 100.43579 | W33: =IFERROR(VLOOKUP($D33,'[1]판매량,재고(피벗)'!$B:$C,2,0),0) -> 0 | X33: =IFERROR(W33/$M$2*$O$2,0) -> 0 | AA33: =MAX(SUM(N33-X33+Y33),0) -> 0 | AB33: =IFERROR(AA33/AC33,0) -> 0 | AC33: =IFERROR(VLOOKUP($D33,'[1]DNC 재고 현황'!$F:$V,14,0),0) -> 99.613136 | AD33: =SUMIFS('[1]입고 예정'!$C:$C,'[1]입고 예정'!$A:$A,모니터링!D33,'[1]입고 예정'!$F:$F,모니터링!AD$6) -> 0 | AF33: =MAX(IFERROR(SUM((AA33-AC33)+AD33),0),0) -> 0 | AG33: =IFERROR(AF33/AH33,0) -> 0 | AH33: =IFERROR(VLOOKUP($D33,'[1]DNC 재고 현황'!$F:$V,15,0),0) -> 100.43579 | AI33: =SUMIFS('[1]입고 예정'!$C:$C,'[1]입고 예정'!$A:$A,모니터링!D33,'[1]입고 예정'!$F:$F,모니터링!AI$6) -> 0 | AK33: =MAX(IFERROR(SUM((AF33-AH33)+AI33),0),0) -> 0 | AL33: =IFERROR(AK33/AM33,0) -> 0 | AM33: =IFERROR(VLOOKUP($D33,'[1]DNC 재고 현황'!$F:$V,16,0),0) -> 100 | AN33: =SUMIFS('[1]입고 예정'!$C:$C,'[1]입고 예정'!$A:$A,모니터링!D33,'[1]입고 예정'!$F:$F,모니터링!AN$6) -> 0 | AP33: =MAX(IFERROR(SUM((AK33-AM33)+AN33),0),0) -> 0 | AQ33: =IFERROR(AP33/AR33,0) -> 0 | AR33: =IFERROR(VLOOKUP($D33,'[1]DNC 재고 현황'!$F:$V,17,0),0) -> 100 | AS33: =SUMIFS('[1]입고 예정'!$C:$C,'[1]입고 예정'!$A:$A,모니터링!D33,'[1]입고 예정'!$F:$F,모니터링!AS$6) -> 0 | AU33: =MAX(IFERROR(AP33-AR33+AS33,0),0) -> 0 | AV33: =IFERROR(AU33/#REF!,0) -> 0
A34: 대표품목 | B34: 제품 | C34: 운영 | D34: 9310616 | E34: =VLOOKUP($D34,'[1]SAP 코드내역'!$A:$D,4,0) -> 멜라_토닝원데이앰플_15ml | F34: 코스맥스(주) | I34: 3846.2155 | J34: 15878.061 | K34: =IFERROR(VLOOKUP($D34,'[1]DNC 재고 현황'!$F:$AI,29,0),0) -> 2525 | L34: =IFERROR(VLOOKUP($D34,'[1]DNC 재고 현황'!$F:$AI,30,),0) -> 42569 | M34: =K34+L34 -> 45094 | N34: =VLOOKUP($D34,'[1]DNC 재고 현황'!$F:$X,19,0) -> 52504 | O34: =IFERROR(IF($M34/$V34>1,100%,IF($M34/$V34<0,0%,$M34/$V34)),"계획없음") -> 1 | P34: =$Y34+$AD34+$AI34+$AN34+$AI34 -> 10000 | Q34: =IFERROR(W34/$M$2,0) -> 268.28571 | R34: =IFERROR(M34/$Q34,0) -> 168.082 | S34: =IFERROR(N34/$Q34,0) -> 195.70181 | T34: =IFERROR(TODAY()+(M34/Q34),"") -> 46288.082 | U34: =IF(S34<=1,"🔴판매없음",IF(S34<=40,"🟡주의",IF(S34<=60,"🟢안전","✅충분"))) -> ✅충분 | V34: =IFERROR(SUMIF('[1](전체)FCST'!$D:$D,$D34,'[1](전체)FCST'!$H:$H),0) -> 100 | W34: =IFERROR(VLOOKUP($D34,'[1]판매량,재고(피벗)'!$B:$C,2,0),0) -> 1878 | X34: =IFERROR(W34/$M$2*$O$2,0) -> 5902.2857 | AA34: =MAX(SUM(N34-X34+Y34),0) -> 46601.714 | AB34: =IFERROR(AA34/AC34,0) -> 1.0907687 | AC34: =IFERROR(VLOOKUP($D34,'[1]DNC 재고 현황'!$F:$V,14,0),0) -> 42723.735 | AD34: =SUMIFS('[1]입고 예정'!$C:$C,'[1]입고 예정'!$A:$A,모니터링!D231,'[1]입고 예정'!$F:$F,모니터링!AD$6) -> 0 | AF34: =MAX(IFERROR(SUM((AA34-AC34)+AD34),0),0) -> 3877.9792 | AG34: =IFERROR(AF34/AH34,0) -> 38.779792 | AH34: =IFERROR(VLOOKUP($D34,'[1]DNC 재고 현황'!$F:$V,15,0),0) -> 100 | AI34: =SUMIFS('[1]입고 예정'!$C:$C,'[1]입고 예정'!$A:$A,모니터링!D231,'[1]입고 예정'!$F:$F,모니터링!AI$6) -> 5000 | AK34: =MAX(IFERROR(SUM((AF34-AH34)+AI34),0),0) -> 8777.9792 | AL34: =IFERROR(AK34/AM34,0) -> 87.779792 | AM34: =IFERROR(VLOOKUP($D34,'[1]DNC 재고 현황'!$F:$V,16,0),0) -> 100 | AN34: =SUMIFS('[1]입고 예정'!$C:$C,'[1]입고 예정'!$A:$A,모니터링!D231,'[1]입고 예정'!$F:$F,모니터링!AN$6) -> 0 | AP34: =MAX(IFERROR(SUM((AK34-AM34)+AN34),0),0) -> 8677.9792 | AQ34: =IFERROR(AP34/AR34,0) -> 8.6779792 | AR34: =IFERROR(VLOOKUP($D34,'[1]DNC 재고 현황'!$F:$V,17,0),0) -> 1000 | AS34: =SUMIFS('[1]입고 예정'!$C:$C,'[1]입고 예정'!$A:$A,모니터링!D231,'[1]입고 예정'!$F:$F,모니터링!AS$6) -> 0 | AU34: =MAX(IFERROR(AP34-AR34+AS34,0),0) -> 7677.9792 | AV34: =IFERROR(AU34/#REF!,0) -> 0
A35: - | B35: 완제품 | C35: 운영 | D35: 9313046 | E35: =VLOOKUP($D35,'[1]SAP 코드내역'!$A:$D,4,0) -> 멜라_토닝앰플파운데이션_19호페어_15ml | H35: 신제품 | I35: 3461.2937 | J35: 27217.819 | K35: =IFERROR(VLOOKUP($D35,'[1]DNC 재고 현황'!$F:$AI,29,0),0) -> 1778 | L35: =IFERROR(VLOOKUP($D35,'[1]DNC 재고 현황'!$F:$AI,30,),0) -> 0 | M35: =K35+L35 -> 1778 | N35: =VLOOKUP($D35,'[1]DNC 재고 현황'!$F:$X,19,0) -> 1778 | O35: =IFERROR(IF($M35/$V35>1,100%,IF($M35/$V35<0,0%,$M35/$V35)),"계획없음") -> 1 | P35: =$Y35+$AD35+$AI35+$AN35+$AI35 -> 1700 | Q35: =IFERROR(W35/$M$2,0) -> 9 | R35: =IFERROR(M35/$Q35,0) -> 197.55556 | S35: =IFERROR(N35/$Q35,0) -> 197.55556 | T35: =IFERROR(TODAY()+(M35/Q35),"") -> 46317.556 | U35: =IF(S35<=1,"🔴판매없음",IF(S35<=40,"🟡주의",IF(S35<=60,"🟢안전","✅충분"))) -> ✅충분 | V35: =IFERROR(SUMIF('[1](전체)FCST'!$D:$D,$D35,'[1](전체)FCST'!$H:$H),0) -> 496.90205 | W35: =IFERROR(VLOOKUP($D35,'[1]판매량,재고(피벗)'!$B:$C,2,0),0) -> 63 | X35: =IFERROR(W35/$M$2*$O$2,0) -> 198 | AA35: =MAX(SUM(N35-X35+Y35),0) -> 1580 | AB35: =IFERROR(AA35/AC35,0) -> 3.1306954 | AC35: =IFERROR(VLOOKUP($D35,'[1]DNC 재고 현황'!$F:$V,14,0),0) -> 504.6802 | AD35: =SUMIFS('[1]입고 예정'!$C:$C,'[1]입고 예정'!$A:$A,모니터링!D35,'[1]입고 예정'!$F:$F,모니터링!AD$6) -> 1700 | AF35: =MAX(IFERROR(SUM((AA35-AC35)+AD35),0),0) -> 2775.3198 | AG35: =IFERROR(AF35/AH35,0) -> 5.5852452 | AH35: =IFERROR(VLOOKUP($D35,'[1]DNC 재고 현황'!$F:$V,15,0),0) -> 496.90205 | AI35: =SUMIFS('[1]입고 예정'!$C:$C,'[1]입고 예정'!$A:$A,모니터링!D35,'[1]입고 예정'!$F:$F,모니터링!AI$6) -> 0 | AK35: =MAX(IFERROR(SUM((AF35-AH35)+AI35),0),0) -> 2278.4177 | AL35: =IFERROR(AK35/AM35,0) -> 4.5388669 | AM35: =IFERROR(VLOOKUP($D35,'[1]DNC 재고 현황'!$F:$V,16,0),0) -> 501.97942 | AN35: =SUMIFS('[1]입고 예정'!$C:$C,'[1]입고 예정'!$A:$A,모니터링!D35,'[1]입고 예정'!$F:$F,모니터링!AN$6) -> 0 | AP35: =MAX(IFERROR(SUM((AK35-AM35)+AN35),0),0) -> 1776.4383 | AQ35: =IFERROR(AP35/AR35,0) -> 3.5388669 | AR35: =IFERROR(VLOOKUP($D35,'[1]DNC 재고 현황'!$F:$V,17,0),0) -> 501.97942 | AS35: =SUMIFS('[1]입고 예정'!$C:$C,'[1]입고 예정'!$A:$A,모니터링!D35,'[1]입고 예정'!$F:$F,모니터링!AS$6) -> 0 | AU35: =MAX(IFERROR(AP35-AR35+AS35,0),0) -> 1274.4589 | AV35: =IFERROR(AU35/#REF!,0) -> 0
A36: 대표품목 | B36: 제품 | C36: 소진후 단종 | D36: 9311060 | E36: =VLOOKUP($D36,'[1]SAP 코드내역'!$A:$D,4,0) -> (단종)멜라B_매트커버팩트_19페어_본품_19g | F36: 코스맥스(주) | I36: 4656.6091 | J36: 22552.992 | K36: =IFERROR(VLOOKUP($D36,'[1]DNC 재고 현황'!$F:$AI,29,0),0) -> 221 | L36: =IFERROR(VLOOKUP($D36,'[1]DNC 재고 현황'!$F:$AI,30,),0) -> 0 | M36: =K36+L36 -> 221 | N36: =VLOOKUP($D36,'[1]DNC 재고 현황'!$F:$X,19,0) -> 320 | O36: =IFERROR(IF($M36/$V36>1,100%,IF($M36/$V36<0,0%,$M36/$V36)),"계획없음") -> 1 | P36: =$Y36+$AD36+$AI36+$AN36+$AI36 -> 0 | Q36: =IFERROR(W36/$M$2,0) -> 0.57142857 | R36: =IFERROR(M36/$Q36,0) -> 386.75 | S36: =IFERROR(N36/$Q36,0) -> 560 | T36: =IFERROR(TODAY()+(M36/Q36),"") -> 46506.75 | U36: =IF(S36<=1,"🔴판매없음",IF(S36<=40,"🟡주의",IF(S36<=60,"🟢안전","✅충분"))) -> ✅충분 | V36: =IFERROR(SUMIF('[1](전체)FCST'!$D:$D,$D36,'[1](전체)FCST'!$H:$H),0) -> 6.9078922 | W36: =IFERROR(VLOOKUP($D36,'[1]판매량,재고(피벗)'!$B:$C,2,0),0) -> 4 | X36: =IFERROR(W36/$M$2*$O$2,0) -> 12.571429 | AA36: =MAX(SUM(N36-X36+Y36),0) -> 307.42857 | AB36: =IFERROR(AA36/AC36,0) -> 0.092404139 | AC36: 3327 | AD36: =SUMIFS('[1]입고 예정'!$C:$C,'[1]입고 예정'!$A:$A,모니터링!D36,'[1]입고 예정'!$F:$F,모니터링!AD$6) -> 0 | AF36: =MAX(IFERROR(SUM((AA36-AC36)+AD36),0),0) -> 0 | AG36: =IFERROR(AF36/AH36,0) -> 0 | AH36: =IFERROR(VLOOKUP($D36,'[1]DNC 재고 현황'!$F:$V,15,0),0) -> 6.9078922 | AI36: =SUMIFS('[1]입고 예정'!$C:$C,'[1]입고 예정'!$A:$A,모니터링!D36,'[1]입고 예정'!$F:$F,모니터링!AI$6) -> 0 | AK36: =MAX(IFERROR(SUM((AF36-AH36)+AI36),0),0) -> 0 | AL36: =IFERROR(AK36/AM36,0) -> 0 | AM36: =IFERROR(VLOOKUP($D36,'[1]DNC 재고 현황'!$F:$V,16,0),0) -> 6.9274635 | AN36: =SUMIFS('[1]입고 예정'!$C:$C,'[1]입고 예정'!$A:$A,모니터링!D36,'[1]입고 예정'!$F:$F,모니터링!AN$6) -> 0 | AP36: =MAX(IFERROR(SUM((AK36-AM36)+AN36),0),0) -> 0 | AQ36: =IFERROR(AP36/AR36,0) -> 0 | AR36: =IFERROR(VLOOKUP($D36,'[1]DNC 재고 현황'!$F:$V,17,0),0) -> 6.9078922 | AS36: =SUMIFS('[1]입고 예정'!$C:$C,'[1]입고 예정'!$A:$A,모니터링!D36,'[1]입고 예정'!$F:$F,모니터링!AS$6) -> 0 | AU36: =MAX(IFERROR(AP36-AR36+AS36,0),0) -> 0 | AV36: =IFERROR(AU36/#REF!,0) -> 0
A37: - | B37: 제품 | C37: 소진후 단종 | D37: 9310908 | E37: =VLOOKUP($D37,'[1]SAP 코드내역'!$A:$D,4,0) -> (단종)[임가공]멜라_로즈앰플30ml+앰플쿠션19호(15g)_25가정의달 | F37: (주)이지메디컴 | I37: 14010.029 | J37: 45454.5 | K37: =IFERROR(VLOOKUP($D37,'[1]DNC 재고 현황'!$F:$AI,29,0),0) -> 34 | L37: =IFERROR(VLOOKUP($D37,'[1]DNC 재고 현황'!$F:$AI,30,),0) -> 0 | M37: =K37+L37 -> 34 | N37: =VLOOKUP($D37,'[1]DNC 재고 현황'!$F:$X,19,0) -> 34 | O37: =IFERROR(IF($M37/$V37>1,100%,IF($M37/$V37<0,0%,$M37/$V37)),"계획없음") -> 계획없음 | P37: =$Y37+$AD37+$AI37+$AN37+$AI37 -> 0 | Q37: =IFERROR(W37/$M$2,0) -> 0 | R37: =IFERROR(M37/$Q37,0) -> 0 | S37: =IFERROR(N37/$Q37,0) -> 0 | T37: =IFERROR(TODAY()+(M37/Q37),"") | U37: =IF(S37<=1,"🔴판매없음",IF(S37<=40,"🟡주의",IF(S37<=60,"🟢안전","✅충분"))) -> 🔴판매없음 | V37: =IFERROR(SUMIF('[1](전체)FCST'!$D:$D,$D37,'[1](전체)FCST'!$H:$H),0) -> 0 | W37: =IFERROR(VLOOKUP($D37,'[1]판매량,재고(피벗)'!$B:$C,2,0),0) -> 0 | X37: =IFERROR(W37/$M$2*$O$2,0) -> 0 | AA37: =MAX(SUM(N37-X37+Y37),0) -> 34 | AB37: =IFERROR(AA37/AC37,0) -> 0 | AC37: =IFERROR(VLOOKUP($D37,'[1]DNC 재고 현황'!$F:$V,14,0),0) -> 0 | AD37: =SUMIFS('[1]입고 예정'!$C:$C,'[1]입고 예정'!$A:$A,모니터링!D334,'[1]입고 예정'!$F:$F,모니터링!AD$6) -> 0 | AF37: =MAX(IFERROR(SUM((AA37-AC37)+AD37),0),0) -> 34 | AG37: =IFERROR(AF37/AH37,0) -> 0 | AH37: =IFERROR(VLOOKUP($D37,'[1]DNC 재고 현황'!$F:$V,15,0),0) -> 0 | AI37: =SUMIFS('[1]입고 예정'!$C:$C,'[1]입고 예정'!$A:$A,모니터링!D334,'[1]입고 예정'!$F:$F,모니터링!AI$6) -> 0 | AK37: =MAX(IFERROR(SUM((AF37-AH37)+AI37),0),0) -> 34 | AL37: =IFERROR(AK37/AM37,0) -> 0 | AM37: =IFERROR(VLOOKUP($D37,'[1]DNC 재고 현황'!$F:$V,16,0),0) -> 0 | AN37: =SUMIFS('[1]입고 예정'!$C:$C,'[1]입고 예정'!$A:$A,모니터링!D334,'[1]입고 예정'!$F:$F,모니터링!AN$6) -> 0 | AP37: =MAX(IFERROR(SUM((AK37-AM37)+AN37),0),0) -> 34 | AQ37: =IFERROR(AP37/AR37,0) -> 0 | AR37: =IFERROR(VLOOKUP($D37,'[1]DNC 재고 현황'!$F:$V,17,0),0) -> 0 | AS37: =SUMIFS('[1]입고 예정'!$C:$C,'[1]입고 예정'!$A:$A,모니터링!D334,'[1]입고 예정'!$F:$F,모니터링!AS$6) -> 0 | AU37: =MAX(IFERROR(AP37-AR37+AS37,0),0) -> 34 | AV37: =IFERROR(AU37/#REF!,0) -> 0
A38: - | B38: 제품 | C38: 운영 | D38: 9306813 | E38: =VLOOKUP($D38,'[1]SAP 코드내역'!$A:$D,4,0) -> (단종)베리어_리페어립앤멀티밤_10g | F38: (주)한국화장품제조음성공장 | I38: 2782.101 | J38: 7558.7343 | K38: =IFERROR(VLOOKUP($D38,'[1]DNC 재고 현황'!$F:$AI,29,0),0) -> 0 | L38: =IFERROR(VLOOKUP($D38,'[1]DNC 재고 현황'!$F:$AI,30,),0) -> 0 | M38: =K38+L38 -> 0 | N38: =VLOOKUP($D38,'[1]DNC 재고 현황'!$F:$X,19,0) -> 0 | O38: =IFERROR(IF($M38/$V38>1,100%,IF($M38/$V38<0,0%,$M38/$V38)),"계획없음") -> 0 | P38: =$Y38+$AD38+$AI38+$AN38+$AI38 -> 0 | Q38: =IFERROR(W38/$M$2,0) -> 0 | R38: =IFERROR(M38/$Q38,0) -> 0 | S38: =IFERROR(N38/$Q38,0) -> 0 | T38: =IFERROR(TODAY()+(M38/Q38),"") | U38: =IF(S38<=1,"🔴판매없음",IF(S38<=40,"🟡주의",IF(S38<=60,"🟢안전","✅충분"))) -> 🔴판매없음 | V38: =IFERROR(SUMIF('[1](전체)FCST'!$D:$D,$D38,'[1](전체)FCST'!$H:$H),0) -> 5.3161862 | W38: =IFERROR(VLOOKUP($D38,'[1]판매량,재고(피벗)'!$B:$C,2,0),0) -> 0 | X38: =IFERROR(W38/$M$2*$O$2,0) -> 0 | AA38: =MAX(SUM(N38-X38+Y38),0) -> 0 | AB38: =IFERROR(AA38/AC38,0) -> 0 | AC38: =IFERROR(VLOOKUP($D38,'[1]DNC 재고 현황'!$F:$V,14,0),0) -> 5.2726422 | AD38: =SUMIFS('[1]입고 예정'!$C:$C,'[1]입고 예정'!$A:$A,모니터링!D37,'[1]입고 예정'!$F:$F,모니터링!AD$6) -> 0 | AF38: =MAX(IFERROR(SUM((AA38-AC38)+AD38),0),0) -> 0 | AG38: =IFERROR(AF38/AH38,0) -> 0 | AH38: =IFERROR(VLOOKUP($D38,'[1]DNC 재고 현황'!$F:$V,15,0),0) -> 5.3161862 | AI38: =SUMIFS('[1]입고 예정'!$C:$C,'[1]입고 예정'!$A:$A,모니터링!D37,'[1]입고 예정'!$F:$F,모니터링!AI$6) -> 0 | AK38: =MAX(IFERROR(SUM((AF38-AH38)+AI38),0),0) -> 0 | AL38: =IFERROR(AK38/AM38,0) -> 0 | AM38: =IFERROR(VLOOKUP($D38,'[1]DNC 재고 현황'!$F:$V,16,0),0) -> 5 | AN38: =SUMIFS('[1]입고 예정'!$C:$C,'[1]입고 예정'!$A:$A,모니터링!D37,'[1]입고 예정'!$F:$F,모니터링!AN$6) -> 0 | AP38: =MAX(IFERROR(SUM((AK38-AM38)+AN38),0),0) -> 0 | AQ38: =IFERROR(AP38/AR38,0) -> 0 | AR38: =IFERROR(VLOOKUP($D38,'[1]DNC 재고 현황'!$F:$V,17,0),0) -> 5 | AS38: =SUMIFS('[1]입고 예정'!$C:$C,'[1]입고 예정'!$A:$A,모니터링!D37,'[1]입고 예정'!$F:$F,모니터링!AS$6) -> 0 | AU38: =MAX(IFERROR(AP38-AR38+AS38,0),0) -> 0 | AV38: =IFERROR(AU38/#REF!,0) -> 0
A39: - | B39: 제품 | C39: 운영 | D39: 9311384 | E39: =VLOOKUP($D39,'[1]SAP 코드내역'!$A:$D,4,0) -> (단종)멜라_울트라카밍토너_시카알로에_130ml(홈쇼핑) | F39: 코스맥스(주) | I39: 3652.7238 | J39: 23050.667 | K39: =IFERROR(VLOOKUP($D39,'[1]DNC 재고 현황'!$F:$AI,29,0),0) -> 0 | L39: =IFERROR(VLOOKUP($D39,'[1]DNC 재고 현황'!$F:$AI,30,),0) -> 0 | M39: =K39+L39 -> 0 | N39: =VLOOKUP($D39,'[1]DNC 재고 현황'!$F:$X,19,0) -> 0 | O39: =IFERROR(IF($M39/$V39>1,100%,IF($M39/$V39<0,0%,$M39/$V39)),"계획없음") -> 0 | P39: =$Y39+$AD39+$AI39+$AN39+$AI39 -> 0 | Q39: =IFERROR(W39/$M$2,0) -> 0 | R39: =IFERROR(M39/$Q39,0) -> 0 | S39: =IFERROR(N39/$Q39,0) -> 0 | T39: =IFERROR(TODAY()+(M39/Q39),"") | U39: =IF(S39<=1,"🔴판매없음",IF(S39<=40,"🟡주의",IF(S39<=60,"🟢안전","✅충분"))) -> 🔴판매없음 | V39: =IFERROR(SUMIF('[1](전체)FCST'!$D:$D,$D39,'[1](전체)FCST'!$H:$H),0) -> 5.1497059 | W39: =IFERROR(VLOOKUP($D39,'[1]판매량,재고(피벗)'!$B:$C,2,0),0) -> 0 | X39: =IFERROR(W39/$M$2*$O$2,0) -> 0 | AA39: =MAX(SUM(N39-X39+Y39),0) -> 0 | AB39: =IFERROR(AA39/AC39,0) -> 0 | AC39: =IFERROR(VLOOKUP($D39,'[1]DNC 재고 현황'!$F:$V,14,0),0) -> 5.699182 | AD39: =SUMIFS('[1]입고 예정'!$C:$C,'[1]입고 예정'!$A:$A,모니터링!D39,'[1]입고 예정'!$F:$F,모니터링!AD$6) -> 0 | AF39: =MAX(IFERROR(SUM((AA39-AC39)+AD39),0),0) -> 0 | AG39: =IFERROR(AF39/AH39,0) -> 0 | AH39: =IFERROR(VLOOKUP($D39,'[1]DNC 재고 현황'!$F:$V,15,0),0) -> 5.1497059 | AI39: =SUMIFS('[1]입고 예정'!$C:$C,'[1]입고 예정'!$A:$A,모니터링!D39,'[1]입고 예정'!$F:$F,모니터링!AI$6) -> 0 | AK39: =MAX(IFERROR(SUM((AF39-AH39)+AI39),0),0) -> 0 | AL39: =IFERROR(AK39/AM39,0) -> 0 | AM39: =IFERROR(VLOOKUP($D39,'[1]DNC 재고 현황'!$F:$V,16,0),0) -> 0 | AN39: =SUMIFS('[1]입고 예정'!$C:$C,'[1]입고 예정'!$A:$A,모니터링!D39,'[1]입고 예정'!$F:$F,모니터링!AN$6) -> 0 | AP39: =MAX(IFERROR(SUM((AK39-AM39)+AN39),0),0) -> 0 | AQ39: =IFERROR(AP39/AR39,0) -> 0 | AR39: =IFERROR(VLOOKUP($D39,'[1]DNC 재고 현황'!$F:$V,17,0),0) -> 0 | AS39: =SUMIFS('[1]입고 예정'!$C:$C,'[1]입고 예정'!$A:$A,모니터링!D39,'[1]입고 예정'!$F:$F,모니터링!AS$6) -> 0 | AU39: =MAX(IFERROR(AP39-AR39+AS39,0),0) -> 0 | AV39: =IFERROR(AU39/#REF!,0) -> 0
A40: - | B40: 제품 | C40: 소진후 단종 | D40: 9307045 | E40: =VLOOKUP($D40,'[1]SAP 코드내역'!$A:$D,4,0) -> (단종)멜라_토닝패치_5g*4ea(24년) | F40: 코스맥스(주) | I40: 2012.3331 | J40: 10089.338 | K40: =IFERROR(VLOOKUP($D40,'[1]DNC 재고 현황'!$F:$AI,29,0),0) -> 289 | L40: =IFERROR(VLOOKUP($D40,'[1]DNC 재고 현황'!$F:$AI,30,),0) -> 5 | M40: =K40+L40 -> 294 | N40: =VLOOKUP($D40,'[1]DNC 재고 현황'!$F:$X,19,0) -> 1657 | O40: =IFERROR(IF($M40/$V40>1,100%,IF($M40/$V40<0,0%,$M40/$V40)),"계획없음") -> 0.072649728 | P40: =$Y40+$AD40+$AI40+$AN40+$AI40 -> 0 | Q40: =IFERROR(W40/$M$2,0) -> 0 | R40: =IFERROR(M40/$Q40,0) -> 0 | S40: =IFERROR(N40/$Q40,0) -> 0 | T40: =IFERROR(TODAY()+(M40/Q40),"") | U40: =IF(S40<=1,"🔴판매없음",IF(S40<=40,"🟡주의",IF(S40<=60,"🟢안전","✅충분"))) -> 🔴판매없음 | V40: =IFERROR(SUMIF('[1](전체)FCST'!$D:$D,$D40,'[1](전체)FCST'!$H:$H),0) -> 4046.8149 | W40: =IFERROR(VLOOKUP($D40,'[1]판매량,재고(피벗)'!$B:$C,2,0),0) -> 0 | X40: =IFERROR(W40/$M$2*$O$2,0) -> 0 | AA40: =MAX(SUM(N40-X40+Y40),0) -> 1657 | AB40: =IFERROR(AA40/AC40,0) -> 0.44399587 | AC40: =IFERROR(VLOOKUP($D40,'[1]DNC 재고 현황'!$F:$V,14,0),0) -> 3732.0167 | AD40: =SUMIFS('[1]입고 예정'!$C:$C,'[1]입고 예정'!$A:$A,모니터링!D40,'[1]입고 예정'!$F:$F,모니터링!AD$6) -> 0 | AF40: =MAX(IFERROR(SUM((AA40-AC40)+AD40),0),0) -> 0 | AG40: =IFERROR(AF40/AH40,0) -> 0 | AH40: =IFERROR(VLOOKUP($D40,'[1]DNC 재고 현황'!$F:$V,15,0),0) -> 4046.8149 | AI40: =SUMIFS('[1]입고 예정'!$C:$C,'[1]입고 예정'!$A:$A,모니터링!D40,'[1]입고 예정'!$F:$F,모니터링!AI$6) -> 0 | AK40: =MAX(IFERROR(SUM((AF40-AH40)+AI40),0),0) -> 0 | AL40: =IFERROR(AK40/AM40,0) -> 0 | AM40: =IFERROR(VLOOKUP($D40,'[1]DNC 재고 현황'!$F:$V,16,0),0) -> 200 | AN40: =SUMIFS('[1]입고 예정'!$C:$C,'[1]입고 예정'!$A:$A,모니터링!D40,'[1]입고 예정'!$F:$F,모니터링!AN$6) -> 0 | AP40: =MAX(IFERROR(SUM((AK40-AM40)+AN40),0),0) -> 0 | AQ40: =IFERROR(AP40/AR40,0) -> 0 | AR40: =IFERROR(VLOOKUP($D40,'[1]DNC 재고 현황'!$F:$V,17,0),0) -> 800 | AS40: =SUMIFS('[1]입고 예정'!$C:$C,'[1]입고 예정'!$A:$A,모니터링!D40,'[1]입고 예정'!$F:$F,모니터링!AS$6) -> 0 | AU40: =MAX(IFERROR(AP40-AR40+AS40,0),0) -> 0 | AV40: =IFERROR(AU40/#REF!,0) -> 0
A41: - | B41: 제품 | C41: 운영 | D41: 9311125 | E41: =VLOOKUP($D41,'[1]SAP 코드내역'!$A:$D,4,0) -> 멜라B_토닝앰플쿠션_트라이얼4열샤쉐_0.2g*4ea | F41: 코스맥스㈜ | H41: 신제품 | I41: 321.74499 | J41: 2484.2 | K41: =IFERROR(VLOOKUP($D41,'[1]DNC 재고 현황'!$F:$AI,29,0),0) -> 77976 | L41: =IFERROR(VLOOKUP($D41,'[1]DNC 재고 현황'!$F:$AI,30,),0) -> 6000 | M41: =K41+L41 -> 83976 | N41: =VLOOKUP($D41,'[1]DNC 재고 현황'!$F:$X,19,0) -> 94468 | O41: =IFERROR(IF($M41/$V41>1,100%,IF($M41/$V41<0,0%,$M41/$V41)),"계획없음") -> 1 | P41: =$Y41+$AD41+$AI41+$AN41+$AI41 -> 0 | Q41: =IFERROR(W41/$M$2,0) -> 0 | R41: =IFERROR(M41/$Q41,0) -> 0 | S41: =IFERROR(N41/$Q41,0) -> 0 | T41: =IFERROR(TODAY()+(M41/Q41),"") | U41: =IF(S41<=1,"🔴판매없음",IF(S41<=40,"🟡주의",IF(S41<=60,"🟢안전","✅충분"))) -> 🔴판매없음 | V41: =IFERROR(SUMIF('[1](전체)FCST'!$D:$D,$D41,'[1](전체)FCST'!$H:$H),0) -> 5030.1003 | W41: =IFERROR(VLOOKUP($D41,'[1]판매량,재고(피벗)'!$B:$C,2,0),0) -> 0 | X41: =IFERROR(W41/$M$2*$O$2,0) -> 0 | AA41: =MAX(SUM(N41-X41+Y41),0) -> 94468 | AB41: =IFERROR(AA41/AC41,0) -> 26.931667 | AC41: =IFERROR(VLOOKUP($D41,'[1]DNC 재고 현황'!$F:$V,14,0),0) -> 3507.6923 | AD41: =SUMIFS('[1]입고 예정'!$C:$C,'[1]입고 예정'!$A:$A,모니터링!D142,'[1]입고 예정'!$F:$F,모니터링!AD$6) -> 0 | AF41: =MAX(IFERROR(SUM((AA41-AC41)+AD41),0),0) -> 90960.308 | AG41: =IFERROR(AF41/AH41,0) -> 18.083199 | AH41: =IFERROR(VLOOKUP($D41,'[1]DNC 재고 현황'!$F:$V,15,0),0) -> 5030.1003 | AI41: =SUMIFS('[1]입고 예정'!$C:$C,'[1]입고 예정'!$A:$A,모니터링!D142,'[1]입고 예정'!$F:$F,모니터링!AI$6) -> 0 | AK41: =MAX(IFERROR(SUM((AF41-AH41)+AI41),0),0) -> 85930.207 | AL41: =IFERROR(AK41/AM41,0) -> 17.186041 | AM41: =IFERROR(VLOOKUP($D41,'[1]DNC 재고 현황'!$F:$V,16,0),0) -> 5000 | AN41: =SUMIFS('[1]입고 예정'!$C:$C,'[1]입고 예정'!$A:$A,모니터링!D142,'[1]입고 예정'!$F:$F,모니터링!AN$6) -> 0 | AP41: =MAX(IFERROR(SUM((AK41-AM41)+AN41),0),0) -> 80930.207 | AQ41: =IFERROR(AP41/AR41,0) -> 16.186041 | AR41: =IFERROR(VLOOKUP($D41,'[1]DNC 재고 현황'!$F:$V,17,0),0) -> 5000 | AS41: =SUMIFS('[1]입고 예정'!$C:$C,'[1]입고 예정'!$A:$A,모니터링!D142,'[1]입고 예정'!$F:$F,모니터링!AS$6) -> 0 | AU41: =MAX(IFERROR(AP41-AR41+AS41,0),0) -> 75930.207 | AV41: =IFERROR(AU41/#REF!,0) -> 0
A42: - | B42: 판촉물 | C42: 운영 | D42: 7301742 | E42: =VLOOKUP($D42,'[1]SAP 코드내역'!$A:$D,4,0) -> 멜라라필_툴즈키트(브러쉬,실리콘볼) | F42: 0 | I42: 1500 | J42: 3601.6444 | K42: =IFERROR(VLOOKUP($D42,'[1]DNC 재고 현황'!$F:$AI,29,0),0) -> 133 | L42: =IFERROR(VLOOKUP($D42,'[1]DNC 재고 현황'!$F:$AI,30,),0) -> 0 | M42: =K42+L42 -> 133 | N42: =VLOOKUP($D42,'[1]DNC 재고 현황'!$F:$X,19,0) -> 10602 | O42: =IFERROR(IF($M42/$V42>1,100%,IF($M42/$V42<0,0%,$M42/$V42)),"계획없음") -> 1 | P42: =$Y42+$AD42+$AI42+$AN42+$AI42 -> 0 | Q42: =IFERROR(W42/$M$2,0) -> 0 | R42: =IFERROR(M42/$Q42,0) -> 0 | S42: =IFERROR(N42/$Q42,0) -> 0 | T42: =IFERROR(TODAY()+(M42/Q42),"") | U42: =IF(S42<=1,"🔴판매없음",IF(S42<=40,"🟡주의",IF(S42<=60,"🟢안전","✅충분"))) -> 🔴판매없음 | V42: =IFERROR(SUMIF('[1](전체)FCST'!$D:$D,$D42,'[1](전체)FCST'!$H:$H),0) -> 60 | W42: =IFERROR(VLOOKUP($D42,'[1]판매량,재고(피벗)'!$B:$C,2,0),0) -> 0 | X42: =IFERROR(W42/$M$2*$O$2,0) -> 0 | AA42: =MAX(SUM(N42-X42+Y42),0) -> 10602 | AB42: =IFERROR(AA42/AC42,0) -> 35.34 | AC42: =IFERROR(VLOOKUP($D42,'[1]DNC 재고 현황'!$F:$V,14,0),0) -> 300 | AD42: =SUMIFS('[1]입고 예정'!$C:$C,'[1]입고 예정'!$A:$A,모니터링!D42,'[1]입고 예정'!$F:$F,모니터링!AD$6) -> 0 | AF42: =MAX(IFERROR(SUM((AA42-AC42)+AD42),0),0) -> 10302 | AG42: =IFERROR(AF42/AH42,0) -> 171.7 | AH42: =IFERROR(VLOOKUP($D42,'[1]DNC 재고 현황'!$F:$V,15,0),0) -> 60 | AI42: =SUMIFS('[1]입고 예정'!$C:$C,'[1]입고 예정'!$A:$A,모니터링!D42,'[1]입고 예정'!$F:$F,모니터링!AI$6) -> 0 | AK42: =MAX(IFERROR(SUM((AF42-AH42)+AI42),0),0) -> 10242 | AL42: =IFERROR(AK42/AM42,0) -> 170.7 | AM42: =IFERROR(VLOOKUP($D42,'[1]DNC 재고 현황'!$F:$V,16,0),0) -> 60 | AN42: =SUMIFS('[1]입고 예정'!$C:$C,'[1]입고 예정'!$A:$A,모니터링!D42,'[1]입고 예정'!$F:$F,모니터링!AN$6) -> 0 | AP42: =MAX(IFERROR(SUM((AK42-AM42)+AN42),0),0) -> 10182 | AQ42: =IFERROR(AP42/AR42,0) -> 16.97 | AR42: =IFERROR(VLOOKUP($D42,'[1]DNC 재고 현황'!$F:$V,17,0),0) -> 600 | AS42: =SUMIFS('[1]입고 예정'!$C:$C,'[1]입고 예정'!$A:$A,모니터링!D42,'[1]입고 예정'!$F:$F,모니터링!AS$6) -> 0 | AU42: =MAX(IFERROR(AP42-AR42+AS42,0),0) -> 9582 | AV42: =IFERROR(AU42/#REF!,0) -> 0
C43: 운영 | D43: 2400092 | E43: =VLOOKUP($D43,'[1]SAP 코드내역'!$A:$D,4,0) -> 이지듀멜라비토닝앰플쿠션케이스(봄에디션)_외용기 | K43: =IFERROR(VLOOKUP($D43,'[1]DNC 재고 현황'!$F:$AI,29,0),0) -> 0 | L43: =IFERROR(VLOOKUP($D43,'[1]DNC 재고 현황'!$F:$AI,30,),0) -> 0 | M43: =K43+L43 -> 0 | N43: =VLOOKUP($D43,'[1]DNC 재고 현황'!$F:$X,19,0) -> 0 | O43: =IFERROR(IF($M43/$V43>1,100%,IF($M43/$V43<0,0%,$M43/$V43)),"계획없음") -> 계획없음 | P43: =$Y43+$AD43+$AI43+$AN43+$AI43 -> 40000 | Q43: =IFERROR(W43/$M$2,0) -> 0 | R43: =IFERROR(M43/$Q43,0) -> 0 | S43: =IFERROR(N43/$Q43,0) -> 0 | T43: =IFERROR(TODAY()+(M43/Q43),"") | U43: =IF(S43<=1,"🔴판매없음",IF(S43<=40,"🟡주의",IF(S43<=60,"🟢안전","✅충분"))) -> 🔴판매없음 | V43: =IFERROR(SUMIF('[1](전체)FCST'!$D:$D,$D43,'[1](전체)FCST'!$H:$H),0) -> 0 | W43: =IFERROR(VLOOKUP($D43,'[1]판매량,재고(피벗)'!$B:$C,2,0),0) -> 0 | X43: =IFERROR(W43/$M$2*$O$2,0) -> 0 | AA43: =MAX(SUM(N43-X43+Y43),0) -> 0 | AB43: =IFERROR(AA43/AC43,0) -> 0 | AC43: =IFERROR(VLOOKUP($D43,'[1]DNC 재고 현황'!$F:$V,14,0),0) -> 0 | AD43: =SUMIFS('[1]입고 예정'!$C:$C,'[1]입고 예정'!$A:$A,모니터링!D759,'[1]입고 예정'!$F:$F,모니터링!AD$6) -> 0 | AF43: =MAX(IFERROR(SUM((AA43-AC43)+AD43),0),0) -> 0 | AG43: =IFERROR(AF43/AH43,0) -> 0 | AH43: =IFERROR(VLOOKUP($D43,'[1]DNC 재고 현황'!$F:$V,15,0),0) -> 0 | AI43: =SUMIFS('[1]입고 예정'!$C:$C,'[1]입고 예정'!$A:$A,모니터링!D759,'[1]입고 예정'!$F:$F,모니터링!AI$6) -> 20000 | AK43: =MAX(IFERROR(SUM((AF43-AH43)+AI43),0),0) -> 20000 | AL43: =IFERROR(AK43/AM43,0) -> 0 | AM43: =IFERROR(VLOOKUP($D43,'[1]DNC 재고 현황'!$F:$V,16,0),0) -> 0 | AN43: =SUMIFS('[1]입고 예정'!$C:$C,'[1]입고 예정'!$A:$A,모니터링!D759,'[1]입고 예정'!$F:$F,모니터링!AN$6) -> 0 | AP43: =MAX(IFERROR(SUM((AK43-AM43)+AN43),0),0) -> 20000 | AQ43: =IFERROR(AP43/AR43,0) -> 0 | AR43: =IFERROR(VLOOKUP($D43,'[1]DNC 재고 현황'!$F:$V,17,0),0) -> 0 | AS43: =SUMIFS('[1]입고 예정'!$C:$C,'[1]입고 예정'!$A:$A,모니터링!D759,'[1]입고 예정'!$F:$F,모니터링!AS$6) -> 0 | AU43: =MAX(IFERROR(AP43-AR43+AS43,0),0) -> 20000 | AV43: =IFERROR(AU43/#REF!,0) -> 0
C44: 운영 | D44: 9313943 | E44: =VLOOKUP($D44,'[1]SAP 코드내역'!$A:$D,4,0) -> [세트]부스터샷6입(본품3+리필3)(26신년) | K44: =IFERROR(VLOOKUP($D44,'[1]DNC 재고 현황'!$F:$AI,29,0),0) -> 3 | L44: =IFERROR(VLOOKUP($D44,'[1]DNC 재고 현황'!$F:$AI,30,),0) -> 0 | M44: =K44+L44 -> 3 | N44: =VLOOKUP($D44,'[1]DNC 재고 현황'!$F:$X,19,0) -> 3 | O44: =IFERROR(IF($M44/$V44>1,100%,IF($M44/$V44<0,0%,$M44/$V44)),"계획없음") -> 계획없음 | P44: =$Y44+$AD44+$AI44+$AN44+$AI44 -> 0 | Q44: =IFERROR(W44/$M$2,0) -> 0 | R44: =IFERROR(M44/$Q44,0) -> 0 | S44: =IFERROR(N44/$Q44,0) -> 0 | T44: =IFERROR(TODAY()+(M44/Q44),"") | U44: =IF(S44<=1,"🔴판매없음",IF(S44<=40,"🟡주의",IF(S44<=60,"🟢안전","✅충분"))) -> 🔴판매없음 | V44: =IFERROR(SUMIF('[1](전체)FCST'!$D:$D,$D44,'[1](전체)FCST'!$H:$H),0) -> 0 | W44: =IFERROR(VLOOKUP($D44,'[1]판매량,재고(피벗)'!$B:$C,2,0),0) -> 0 | X44: =IFERROR(W44/$M$2*$O$2,0) -> 0 | AA44: =MAX(SUM(N44-X44+Y44),0) -> 3 | AB44: =IFERROR(AA44/AC44,0) -> 0 | AC44: =IFERROR(VLOOKUP($D44,'[1]DNC 재고 현황'!$F:$V,14,0),0) -> 0 | AD44: =SUMIFS('[1]입고 예정'!$C:$C,'[1]입고 예정'!$A:$A,모니터링!D44,'[1]입고 예정'!$F:$F,모니터링!AD$6) -> 0 | AF44: =MAX(IFERROR(SUM((AA44-AC44)+AD44),0),0) -> 3 | AG44: =IFERROR(AF44/AH44,0) -> 0 | AH44: =IFERROR(VLOOKUP($D44,'[1]DNC 재고 현황'!$F:$V,15,0),0) -> 0 | AI44: =SUMIFS('[1]입고 예정'!$C:$C,'[1]입고 예정'!$A:$A,모니터링!D44,'[1]입고 예정'!$F:$F,모니터링!AI$6) -> 0 | AK44: =MAX(IFERROR(SUM((AF44-AH44)+AI44),0),0) -> 3 | AL44: =IFERROR(AK44/AM44,0) -> 0 | AM44: =IFERROR(VLOOKUP($D44,'[1]DNC 재고 현황'!$F:$V,16,0),0) -> 0 | AN44: =SUMIFS('[1]입고 예정'!$C:$C,'[1]입고 예정'!$A:$A,모니터링!D44,'[1]입고 예정'!$F:$F,모니터링!AN$6) -> 0 | AP44: =MAX(IFERROR(SUM((AK44-AM44)+AN44),0),0) -> 3 | AQ44: =IFERROR(AP44/AR44,0) -> 0 | AR44: =IFERROR(VLOOKUP($D44,'[1]DNC 재고 현황'!$F:$V,17,0),0) -> 0 | AS44: =SUMIFS('[1]입고 예정'!$C:$C,'[1]입고 예정'!$A:$A,모니터링!D44,'[1]입고 예정'!$F:$F,모니터링!AS$6) -> 0 | AU44: =MAX(IFERROR(AP44-AR44+AS44,0),0) -> 3 | AV44: =IFERROR(AU44/#REF!,0) -> 0
A45: 대표품목 | B45: 제품 | C45: 소진후 단종 | D45: 9310614 | E45: =VLOOKUP($D45,'[1]SAP 코드내역'!$A:$D,4,0) -> (단종)멜라_토닝원데이앰플_8ml_v3 | F45: 코스맥스(주) | I45: 2098.5859 | J45: 8485.3688 | K45: =IFERROR(VLOOKUP($D45,'[1]DNC 재고 현황'!$F:$AI,29,0),0) -> 0 | L45: =IFERROR(VLOOKUP($D45,'[1]DNC 재고 현황'!$F:$AI,30,),0) -> 0 | M45: =K45+L45 -> 0 | N45: =VLOOKUP($D45,'[1]DNC 재고 현황'!$F:$X,19,0) -> 2103 | O45: =IFERROR(IF($M45/$V45>1,100%,IF($M45/$V45<0,0%,$M45/$V45)),"계획없음") -> 계획없음 | P45: =$Y45+$AD45+$AI45+$AN45+$AI45 -> 0 | Q45: =IFERROR(W45/$M$2,0) -> 0 | R45: =IFERROR(M45/$Q45,0) -> 0 | S45: =IFERROR(N45/$Q45,0) -> 0 | T45: =IFERROR(TODAY()+(M45/Q45),"") | U45: =IF(S45<=1,"🔴판매없음",IF(S45<=40,"🟡주의",IF(S45<=60,"🟢안전","✅충분"))) -> 🔴판매없음 | V45: =IFERROR(SUMIF('[1](전체)FCST'!$D:$D,$D45,'[1](전체)FCST'!$H:$H),0) -> 0 | W45: =IFERROR(VLOOKUP($D45,'[1]판매량,재고(피벗)'!$B:$C,2,0),0) -> 0 | X45: =IFERROR(W45/$M$2*$O$2,0) -> 0 | AA45: =MAX(SUM(N45-X45+Y45),0) -> 2103 | AB45: =IFERROR(AA45/AC45,0) -> 45.868735 | AC45: =IFERROR(VLOOKUP($D45,'[1]DNC 재고 현황'!$F:$V,14,0),0) -> 45.848223 | AD45: =SUMIFS('[1]입고 예정'!$C:$C,'[1]입고 예정'!$A:$A,모니터링!D72,'[1]입고 예정'!$F:$F,모니터링!AD$6) -> 0 | AF45: =MAX(IFERROR(SUM((AA45-AC45)+AD45),0),0) -> 2057.1518 | AG45: =IFERROR(AF45/AH45,0) -> 0 | AH45: =IFERROR(VLOOKUP($D45,'[1]DNC 재고 현황'!$F:$V,15,0),0) -> 0 | AI45: =SUMIFS('[1]입고 예정'!$C:$C,'[1]입고 예정'!$A:$A,모니터링!D72,'[1]입고 예정'!$F:$F,모니터링!AI$6) -> 0 | AK45: =MAX(IFERROR(SUM((AF45-AH45)+AI45),0),0) -> 2057.1518 | AL45: =IFERROR(AK45/AM45,0) -> 0 | AM45: =IFERROR(VLOOKUP($D45,'[1]DNC 재고 현황'!$F:$V,16,0),0) -> 0 | AN45: =SUMIFS('[1]입고 예정'!$C:$C,'[1]입고 예정'!$A:$A,모니터링!D72,'[1]입고 예정'!$F:$F,모니터링!AN$6) -> 0 | AP45: =MAX(IFERROR(SUM((AK45-AM45)+AN45),0),0) -> 2057.1518 | AQ45: =IFERROR(AP45/AR45,0) -> 0 | AR45: =IFERROR(VLOOKUP($D45,'[1]DNC 재고 현황'!$F:$V,17,0),0) -> 0 | AS45: =SUMIFS('[1]입고 예정'!$C:$C,'[1]입고 예정'!$A:$A,모니터링!D72,'[1]입고 예정'!$F:$F,모니터링!AS$6) -> 0 | AU45: =MAX(IFERROR(AP45-AR45+AS45,0),0) -> 2057.1518 | AV45: =IFERROR(AU45/#REF!,0) -> 0
A46: 대표품목 | B46: 제품 | C46: 운영 | D46: 9313117 | E46: =VLOOKUP($D46,'[1]SAP 코드내역'!$A:$D,4,0) -> RX_포스트레이저_EGF크림_75ml | H46: 신제품 | I46: 2390.114 | J46: 23537.737 | K46: =IFERROR(VLOOKUP($D46,'[1]DNC 재고 현황'!$F:$AI,29,0),0) -> 15532 | L46: =IFERROR(VLOOKUP($D46,'[1]DNC 재고 현황'!$F:$AI,30,),0) -> 0 | M46: =K46+L46 -> 15532 | N46: =VLOOKUP($D46,'[1]DNC 재고 현황'!$F:$X,19,0) -> 16506 | O46: =IFERROR(IF($M46/$V46>1,100%,IF($M46/$V46<0,0%,$M46/$V46)),"계획없음") -> 1 | P46: =$Y46+$AD46+$AI46+$AN46+$AI46 -> 0 | Q46: =IFERROR(W46/$M$2,0) -> 92 | R46: =IFERROR(M46/$Q46,0) -> 168.82609 | S46: =IFERROR(N46/$Q46,0) -> 179.41304 | T46: =IFERROR(TODAY()+(M46/Q46),"") -> 46288.826 | U46: =IF(S46<=1,"🔴판매없음",IF(S46<=40,"🟡주의",IF(S46<=60,"🟢안전","✅충분"))) -> ✅충분 | V46: =IFERROR(SUMIF('[1](전체)FCST'!$D:$D,$D46,'[1](전체)FCST'!$H:$H),0) -> 4157.761 | W46: =IFERROR(VLOOKUP($D46,'[1]판매량,재고(피벗)'!$B:$C,2,0),0) -> 644 | X46: =IFERROR(W46/$M$2*$O$2,0) -> 2024 | AA46: =MAX(SUM(N46-X46+Y46),0) -> 14482 | AB46: =IFERROR(AA46/AC46,0) -> 2.3029314 | AC46: =IFERROR(VLOOKUP($D46,'[1]DNC 재고 현황'!$F:$V,14,0),0) -> 6288.507 | AD46: =SUMIFS('[1]입고 예정'!$C:$C,'[1]입고 예정'!$A:$A,모니터링!D654,'[1]입고 예정'!$F:$F,모니터링!AD$6) -> 0 | AF46: =MAX(IFERROR(SUM((AA46-AC46)+AD46),0),0) -> 8193.493 | AG46: =IFERROR(AF46/AH46,0) -> 1.9706503 | AH46: =IFERROR(VLOOKUP($D46,'[1]DNC 재고 현황'!$F:$V,15,0),0) -> 4157.761 | AI46: =SUMIFS('[1]입고 예정'!$C:$C,'[1]입고 예정'!$A:$A,모니터링!D654,'[1]입고 예정'!$F:$F,모니터링!AI$6) -> 0 | AK46: =MAX(IFERROR(SUM((AF46-AH46)+AI46),0),0) -> 4035.732 | AL46: =IFERROR(AK46/AM46,0) -> 0.94390417 | AM46: =IFERROR(VLOOKUP($D46,'[1]DNC 재고 현황'!$F:$V,16,0),0) -> 4275.5739 | AN46: =SUMIFS('[1]입고 예정'!$C:$C,'[1]입고 예정'!$A:$A,모니터링!D654,'[1]입고 예정'!$F:$F,모니터링!AN$6) -> 0 | AP46: =MAX(IFERROR(SUM((AK46-AM46)+AN46),0),0) -> 0 | AQ46: =IFERROR(AP46/AR46,0) -> 0 | AR46: =IFERROR(VLOOKUP($D46,'[1]DNC 재고 현황'!$F:$V,17,0),0) -> 4875.4957 | AS46: =SUMIFS('[1]입고 예정'!$C:$C,'[1]입고 예정'!$A:$A,모니터링!D654,'[1]입고 예정'!$F:$F,모니터링!AS$6) -> 0 | AU46: =MAX(IFERROR(AP46-AR46+AS46,0),0) -> 0 | AV46: =IFERROR(AU46/#REF!,0) -> 0
C47: 운영 | D47: 2400093 | E47: =VLOOKUP($D47,'[1]SAP 코드내역'!$A:$D,4,0) -> 이지듀멜라비토닝앰플쿠션케이스(봄에디션)_단상자 | K47: =IFERROR(VLOOKUP($D47,'[1]DNC 재고 현황'!$F:$AI,29,0),0) -> 1335 | L47: =IFERROR(VLOOKUP($D47,'[1]DNC 재고 현황'!$F:$AI,30,),0) -> 0 | M47: =K47+L47 -> 1335 | N47: =VLOOKUP($D47,'[1]DNC 재고 현황'!$F:$X,19,0) -> 1335 | O47: =IFERROR(IF($M47/$V47>1,100%,IF($M47/$V47<0,0%,$M47/$V47)),"계획없음") -> 계획없음 | P47: =$Y47+$AD47+$AI47+$AN47+$AI47 -> 20000 | Q47: =IFERROR(W47/$M$2,0) -> 0 | R47: =IFERROR(M47/$Q47,0) -> 0 | S47: =IFERROR(N47/$Q47,0) -> 0 | T47: =IFERROR(TODAY()+(M47/Q47),"") | U47: =IF(S47<=1,"🔴판매없음",IF(S47<=40,"🟡주의",IF(S47<=60,"🟢안전","✅충분"))) -> 🔴판매없음 | V47: =IFERROR(SUMIF('[1](전체)FCST'!$D:$D,$D47,'[1](전체)FCST'!$H:$H),0) -> 0 | W47: =IFERROR(VLOOKUP($D47,'[1]판매량,재고(피벗)'!$B:$C,2,0),0) -> 0 | X47: =IFERROR(W47/$M$2*$O$2,0) -> 0 | AA47: =MAX(SUM(N47-X47+Y47),0) -> 1335 | AB47: =IFERROR(AA47/AC47,0) -> 0 | AC47: =IFERROR(VLOOKUP($D47,'[1]DNC 재고 현황'!$F:$V,14,0),0) -> 0 | AD47: =SUMIFS('[1]입고 예정'!$C:$C,'[1]입고 예정'!$A:$A,모니터링!D760,'[1]입고 예정'!$F:$F,모니터링!AD$6) -> 20000 | AF47: =MAX(IFERROR(SUM((AA47-AC47)+AD47),0),0) -> 21335 | AG47: =IFERROR(AF47/AH47,0) -> 0 | AH47: =IFERROR(VLOOKUP($D47,'[1]DNC 재고 현황'!$F:$V,15,0),0) -> 0 | AI47: =SUMIFS('[1]입고 예정'!$C:$C,'[1]입고 예정'!$A:$A,모니터링!D760,'[1]입고 예정'!$F:$F,모니터링!AI$6) -> 0 | AK47: =MAX(IFERROR(SUM((AF47-AH47)+AI47),0),0) -> 21335 | AL47: =IFERROR(AK47/AM47,0) -> 0 | AM47: =IFERROR(VLOOKUP($D47,'[1]DNC 재고 현황'!$F:$V,16,0),0) -> 0 | AN47: =SUMIFS('[1]입고 예정'!$C:$C,'[1]입고 예정'!$A:$A,모니터링!D760,'[1]입고 예정'!$F:$F,모니터링!AN$6) -> 0 | AP47: =MAX(IFERROR(SUM((AK47-AM47)+AN47),0),0) -> 21335 | AQ47: =IFERROR(AP47/AR47,0) -> 0 | AR47: =IFERROR(VLOOKUP($D47,'[1]DNC 재고 현황'!$F:$V,17,0),0) -> 0 | AS47: =SUMIFS('[1]입고 예정'!$C:$C,'[1]입고 예정'!$A:$A,모니터링!D760,'[1]입고 예정'!$F:$F,모니터링!AS$6) -> 0 | AU47: =MAX(IFERROR(AP47-AR47+AS47,0),0) -> 21335 | AV47: =IFERROR(AU47/#REF!,0) -> 0
A48: - | B48: 완제품 | C48: 운영 | D48: 9312146 | E48: =VLOOKUP($D48,'[1]SAP 코드내역'!$A:$D,4,0) -> 멜라_토닝원데이앰플_파이브엑스8ml(미국) | H48: 신제품 | I48: 1982.4396 | J48: 14171.224 | K48: =IFERROR(VLOOKUP($D48,'[1]DNC 재고 현황'!$F:$AI,29,0),0) -> 124 | L48: =IFERROR(VLOOKUP($D48,'[1]DNC 재고 현황'!$F:$AI,30,),0) -> 0 | M48: =K48+L48 -> 124 | N48: =VLOOKUP($D48,'[1]DNC 재고 현황'!$F:$X,19,0) -> 3083 | O48: =IFERROR(IF($M48/$V48>1,100%,IF($M48/$V48<0,0%,$M48/$V48)),"계획없음") -> 0.0039704152 | P48: =$Y48+$AD48+$AI48+$AN48+$AI48 -> 85000 | Q48: =IFERROR(W48/$M$2,0) -> 0.71428571 | R48: =IFERROR(M48/$Q48,0) -> 173.6 | S48: =IFERROR(N48/$Q48,0) -> 4316.2 | T48: =IFERROR(TODAY()+(M48/Q48),"") -> 46293.6 | U48: =IF(S48<=1,"🔴판매없음",IF(S48<=40,"🟡주의",IF(S48<=60,"🟢안전","✅충분"))) -> ✅충분 | V48: =IFERROR(SUMIF('[1](전체)FCST'!$D:$D,$D48,'[1](전체)FCST'!$H:$H),0) -> 31230.99 | W48: =IFERROR(VLOOKUP($D48,'[1]판매량,재고(피벗)'!$B:$C,2,0),0) -> 5 | X48: =IFERROR(W48/$M$2*$O$2,0) -> 15.714286 | AA48: =MAX(SUM(N48-X48+Y48),0) -> 3067.2857 | AB48: =IFERROR(AA48/AC48,0) -> 0.18209631 | AC48: =IFERROR(VLOOKUP($D48,'[1]DNC 재고 현황'!$F:$V,14,0),0) -> 16844.305 | AD48: =SUMIFS('[1]입고 예정'!$C:$C,'[1]입고 예정'!$A:$A,모니터링!D48,'[1]입고 예정'!$F:$F,모니터링!AD$6) -> 5000 | AF48: =MAX(IFERROR(SUM((AA48-AC48)+AD48),0),0) -> 0 | AG48: =IFERROR(AF48/AH48,0) -> 0 | AH48: =IFERROR(VLOOKUP($D48,'[1]DNC 재고 현황'!$F:$V,15,0),0) -> 31230.99 | AI48: =SUMIFS('[1]입고 예정'!$C:$C,'[1]입고 예정'!$A:$A,모니터링!D48,'[1]입고 예정'!$F:$F,모니터링!AI$6) -> 40000 | AK48: =MAX(IFERROR(SUM((AF48-AH48)+AI48),0),0) -> 8769.0096 | AL48: =IFERROR(AK48/AM48,0) -> 0.38683257 | AM48: =IFERROR(VLOOKUP($D48,'[1]DNC 재고 현황'!$F:$V,16,0),0) -> 22668.747 | AN48: =SUMIFS('[1]입고 예정'!$C:$C,'[1]입고 예정'!$A:$A,모니터링!D48,'[1]입고 예정'!$F:$F,모니터링!AN$6) -> 0 | AP48: =MAX(IFERROR(SUM((AK48-AM48)+AN48),0),0) -> 0 | AQ48: =IFERROR(AP48/AR48,0) -> 0 | AR48: =IFERROR(VLOOKUP($D48,'[1]DNC 재고 현황'!$F:$V,17,0),0) -> 27668.747 | AS48: =SUMIFS('[1]입고 예정'!$C:$C,'[1]입고 예정'!$A:$A,모니터링!D48,'[1]입고 예정'!$F:$F,모니터링!AS$6) -> 0 | AU48: =MAX(IFERROR(AP48-AR48+AS48,0),0) -> 0 | AV48: =IFERROR(AU48/#REF!,0) -> 0
C49: 운영 | D49: 9400301 | E49: =VLOOKUP($D49,'[1]SAP 코드내역'!$A:$D,4,0) -> EGFx_다운타임_오인트크림기획세트_60ml(+오인트겔5ml)_올리브영 | K49: =IFERROR(VLOOKUP($D49,'[1]DNC 재고 현황'!$F:$AI,29,0),0) -> 11485 | L49: =IFERROR(VLOOKUP($D49,'[1]DNC 재고 현황'!$F:$AI,30,),0) -> 0 | M49: =K49+L49 -> 11485 | N49: =VLOOKUP($D49,'[1]DNC 재고 현황'!$F:$X,19,0) -> 13085 | O49: =IFERROR(IF($M49/$V49>1,100%,IF($M49/$V49<0,0%,$M49/$V49)),"계획없음") -> 0.85074074 | P49: =$Y49+$AD49+$AI49+$AN49+$AI49 -> 100000 | Q49: =IFERROR(W49/$M$2,0) -> 200.14286 | R49: =IFERROR(M49/$Q49,0) -> 57.384011 | S49: =IFERROR(N49/$Q49,0) -> 65.378301 | T49: =IFERROR(TODAY()+(M49/Q49),"") -> 46177.384 | U49: =IF(S49<=1,"🔴판매없음",IF(S49<=40,"🟡주의",IF(S49<=60,"🟢안전","✅충분"))) -> ✅충분 | V49: =IFERROR(SUMIF('[1](전체)FCST'!$D:$D,$D49,'[1](전체)FCST'!$H:$H),0) -> 13500 | W49: =IFERROR(VLOOKUP($D49,'[1]판매량,재고(피벗)'!$B:$C,2,0),0) -> 1401 | X49: =IFERROR(W49/$M$2*$O$2,0) -> 4403.1429 | AA49: =MAX(SUM(N49-X49+Y49),0) -> 8681.8571 | AB49: =IFERROR(AA49/AC49,0) -> 0.51448042 | AC49: =IFERROR(VLOOKUP($D49,'[1]DNC 재고 현황'!$F:$V,14,0),0) -> 16875 | AD49: =SUMIFS('[1]입고 예정'!$C:$C,'[1]입고 예정'!$A:$A,모니터링!D725,'[1]입고 예정'!$F:$F,모니터링!AD$6) -> 100000 | AF49: =MAX(IFERROR(SUM((AA49-AC49)+AD49),0),0) -> 91806.857 | AG49: =IFERROR(AF49/AH49,0) -> 6.8005079 | AH49: =IFERROR(VLOOKUP($D49,'[1]DNC 재고 현황'!$F:$V,15,0),0) -> 13500 | AI49: =SUMIFS('[1]입고 예정'!$C:$C,'[1]입고 예정'!$A:$A,모니터링!D725,'[1]입고 예정'!$F:$F,모니터링!D49) -> 0 | AK49: =MAX(IFERROR(SUM((AF49-AH49)+AI49),0),0) -> 78306.857 | AL49: =IFERROR(AK49/AM49,0) -> 7.8306857 | AM49: =IFERROR(VLOOKUP($D49,'[1]DNC 재고 현황'!$F:$V,16,0),0) -> 10000 | AN49: =SUMIFS('[1]입고 예정'!$C:$C,'[1]입고 예정'!$A:$A,모니터링!D725,'[1]입고 예정'!$F:$F,모니터링!D49) -> 0 | AP49: =MAX(IFERROR(SUM((AK49-AM49)+AN49),0),0) -> 68306.857 | AQ49: =IFERROR(AP49/AR49,0) -> 11.384476 | AR49: =IFERROR(VLOOKUP($D49,'[1]DNC 재고 현황'!$F:$V,17,0),0) -> 6000 | AS49: =SUMIFS('[1]입고 예정'!$C:$C,'[1]입고 예정'!$A:$A,모니터링!D725,'[1]입고 예정'!$F:$F,모니터링!D49) -> 0 | AU49: =MAX(IFERROR(AP49-AR49+AS49,0),0) -> 62306.857 | AV49: =IFERROR(AU49/#REF!,0) -> 0
A50: - | B50: 제품 | C50: 운영 | D50: 9310451 | E50: =VLOOKUP($D50,'[1]SAP 코드내역'!$A:$D,4,0) -> 멜라_Uv틴티드글로우립_코랄_3.6g | F50: 코스맥스(주) | I50: 2676.194 | J50: 15688.153 | K50: =IFERROR(VLOOKUP($D50,'[1]DNC 재고 현황'!$F:$AI,29,0),0) -> 22339 | L50: =IFERROR(VLOOKUP($D50,'[1]DNC 재고 현황'!$F:$AI,30,),0) -> 9749 | M50: =K50+L50 -> 32088 | N50: =VLOOKUP($D50,'[1]DNC 재고 현황'!$F:$X,19,0) -> 32864 | O50: =IFERROR(IF($M50/$V50>1,100%,IF($M50/$V50<0,0%,$M50/$V50)),"계획없음") -> 1 | P50: =$Y50+$AD50+$AI50+$AN50+$AI50 -> 0 | Q50: =IFERROR(W50/$M$2,0) -> 7.5714286 | R50: =IFERROR(M50/$Q50,0) -> 4238.0377 | S50: =IFERROR(N50/$Q50,0) -> 4340.5283 | T50: =IFERROR(TODAY()+(M50/Q50),"") -> 50358.038 | U50: =IF(S50<=1,"🔴판매없음",IF(S50<=40,"🟡주의",IF(S50<=60,"🟢안전","✅충분"))) -> ✅충분 | V50: =IFERROR(SUMIF('[1](전체)FCST'!$D:$D,$D50,'[1](전체)FCST'!$H:$H),0) -> 5000.5469 | W50: =IFERROR(VLOOKUP($D50,'[1]판매량,재고(피벗)'!$B:$C,2,0),0) -> 53 | X50: =IFERROR(W50/$M$2*$O$2,0) -> 166.57143 | AA50: =MAX(SUM(N50-X50+Y50),0) -> 32697.429 | AB50: =IFERROR(AA50/AC50,0) -> 0 | AC50: =IFERROR(VLOOKUP($D50,'[1]DNC 재고 현황'!$F:$V,14,0),0) -> 0 | AD50: =SUMIFS('[1]입고 예정'!$C:$C,'[1]입고 예정'!$A:$A,모니터링!D50,'[1]입고 예정'!$F:$F,모니터링!AD$6) -> 0 | AF50: =MAX(IFERROR(SUM((AA50-AC50)+AD50),0),0) -> 32697.429 | AG50: =IFERROR(AF50/AH50,0) -> 6.5387705 | AH50: =IFERROR(VLOOKUP($D50,'[1]DNC 재고 현황'!$F:$V,15,0),0) -> 5000.5469 | AI50: =SUMIFS('[1]입고 예정'!$C:$C,'[1]입고 예정'!$A:$A,모니터링!D50,'[1]입고 예정'!$F:$F,모니터링!AI$6) -> 0 | AK50: =MAX(IFERROR(SUM((AF50-AH50)+AI50),0),0) -> 27696.882 | AL50: =IFERROR(AK50/AM50,0) -> 3.3369737 | AM50: =IFERROR(VLOOKUP($D50,'[1]DNC 재고 현황'!$F:$V,16,0),0) -> 8300 | AN50: =SUMIFS('[1]입고 예정'!$C:$C,'[1]입고 예정'!$A:$A,모니터링!D50,'[1]입고 예정'!$F:$F,모니터링!AN$6) -> 0 | AP50: =MAX(IFERROR(SUM((AK50-AM50)+AN50),0),0) -> 19396.882 | AQ50: =IFERROR(AP50/AR50,0) -> 2.3369737 | AR50: =IFERROR(VLOOKUP($D50,'[1]DNC 재고 현황'!$F:$V,17,0),0) -> 8300 | AS50: =SUMIFS('[1]입고 예정'!$C:$C,'[1]입고 예정'!$A:$A,모니터링!D50,'[1]입고 예정'!$F:$F,모니터링!AS$6) -> 0 | AU50: =MAX(IFERROR(AP50-AR50+AS50,0),0) -> 11096.882 | AV50: =IFERROR(AU50/#REF!,0) -> 0
A51: - | B51: 제품 | C51: 운영 | D51: 9305530 | E51: =VLOOKUP($D51,'[1]SAP 코드내역'!$A:$D,4,0) -> (단종)멜라_토닝원데이앰플_1ml*7_v2 | F51: 코스맥스(주) | I51: 5531.6776 | J51: 18621.574 | K51: =IFERROR(VLOOKUP($D51,'[1]DNC 재고 현황'!$F:$AI,29,0),0) -> 0 | L51: =IFERROR(VLOOKUP($D51,'[1]DNC 재고 현황'!$F:$AI,30,),0) -> 142 | M51: =K51+L51 -> 142 | N51: =VLOOKUP($D51,'[1]DNC 재고 현황'!$F:$X,19,0) -> 568 | O51: =IFERROR(IF($M51/$V51>1,100%,IF($M51/$V51<0,0%,$M51/$V51)),"계획없음") -> 계획없음 | P51: =$Y51+$AD51+$AI51+$AN51+$AI51 -> 10000 | Q51: =IFERROR(W51/$M$2,0) -> 54.285714 | R51: =IFERROR(M51/$Q51,0) -> 2.6157895 | S51: =IFERROR(N51/$Q51,0) -> 10.463158 | T51: =IFERROR(TODAY()+(M51/Q51),"") -> 46122.616 | U51: =IF(S51<=1,"🔴판매없음",IF(S51<=40,"🟡주의",IF(S51<=60,"🟢안전","✅충분"))) -> 🟡주의 | V51: =IFERROR(SUMIF('[1](전체)FCST'!$D:$D,$D51,'[1](전체)FCST'!$H:$H),0) -> 0 | W51: =IFERROR(VLOOKUP($D51,'[1]판매량,재고(피벗)'!$B:$C,2,0),0) -> 380 | X51: =IFERROR(W51/$M$2*$O$2,0) -> 1194.2857 | AA51: =MAX(SUM(N51-X51+Y51),0) -> 0 | AB51: =IFERROR(AA51/AC51,0) -> 0 | AC51: =IFERROR(VLOOKUP($D51,'[1]DNC 재고 현황'!$F:$V,14,0),0) -> 0 | AD51: =SUMIFS('[1]입고 예정'!$C:$C,'[1]입고 예정'!$A:$A,모니터링!D365,'[1]입고 예정'!$F:$F,모니터링!AD$6) -> 0 | AF51: =MAX(IFERROR(SUM((AA51-AC51)+AD51),0),0) -> 0 | AG51: =IFERROR(AF51/AH51,0) -> 0 | AH51: =IFERROR(VLOOKUP($D51,'[1]DNC 재고 현황'!$F:$V,15,0),0) -> 0 | AI51: =SUMIFS('[1]입고 예정'!$C:$C,'[1]입고 예정'!$A:$A,모니터링!D365,'[1]입고 예정'!$F:$F,모니터링!AI$6) -> 5000 | AK51: =MAX(IFERROR(SUM((AF51-AH51)+AI51),0),0) -> 5000 | AL51: =IFERROR(AK51/AM51,0) -> 0 | AM51: =IFERROR(VLOOKUP($D51,'[1]DNC 재고 현황'!$F:$V,16,0),0) -> 0 | AN51: =SUMIFS('[1]입고 예정'!$C:$C,'[1]입고 예정'!$A:$A,모니터링!D365,'[1]입고 예정'!$F:$F,모니터링!AN$6) -> 0 | AP51: =MAX(IFERROR(SUM((AK51-AM51)+AN51),0),0) -> 5000 | AQ51: =IFERROR(AP51/AR51,0) -> 0 | AR51: =IFERROR(VLOOKUP($D51,'[1]DNC 재고 현황'!$F:$V,17,0),0) -> 0 | AS51: =SUMIFS('[1]입고 예정'!$C:$C,'[1]입고 예정'!$A:$A,모니터링!D365,'[1]입고 예정'!$F:$F,모니터링!AS$6) -> 0 | AU51: =MAX(IFERROR(AP51-AR51+AS51,0),0) -> 5000 | AV51: =IFERROR(AU51/#REF!,0) -> 0
A52: 대표품목 | B52: 제품 | C52: 소진후 단종 | D52: 9310805 | E52: =VLOOKUP($D52,'[1]SAP 코드내역'!$A:$D,4,0) -> 멜라B_매트커버팩트_19페어_리필_19g | F52: 코스맥스(주) | I52: 4278.5372 | J52: 18866.205 | K52: =IFERROR(VLOOKUP($D52,'[1]DNC 재고 현황'!$F:$AI,29,0),0) -> 24078 | L52: =IFERROR(VLOOKUP($D52,'[1]DNC 재고 현황'!$F:$AI,30,),0) -> 2500 | M52: =K52+L52 -> 26578 | N52: =VLOOKUP($D52,'[1]DNC 재고 현황'!$F:$X,19,0) -> 28409 | O52: =IFERROR(IF($M52/$V52>1,100%,IF($M52/$V52<0,0%,$M52/$V52)),"계획없음") -> 1 | P52: =$Y52+$AD52+$AI52+$AN52+$AI52 -> 0 | Q52: =IFERROR(W52/$M$2,0) -> 32 | R52: =IFERROR(M52/$Q52,0) -> 830.5625 | S52: =IFERROR(N52/$Q52,0) -> 887.78125 | T52: =IFERROR(TODAY()+(M52/Q52),"") -> 46950.562 | U52: =IF(S52<=1,"🔴판매없음",IF(S52<=40,"🟡주의",IF(S52<=60,"🟢안전","✅충분"))) -> ✅충분 | V52: =IFERROR(SUMIF('[1](전체)FCST'!$D:$D,$D52,'[1](전체)FCST'!$H:$H),0) -> 2047.4228 | W52: =IFERROR(VLOOKUP($D52,'[1]판매량,재고(피벗)'!$B:$C,2,0),0) -> 224 | X52: =IFERROR(W52/$M$2*$O$2,0) -> 704 | AA52: =MAX(SUM(N52-X52+Y52),0) -> 27705 | AB52: =IFERROR(AA52/AC52,0) -> 47.212885 | AC52: =IFERROR(VLOOKUP($D52,'[1]DNC 재고 현황'!$F:$V,14,0),0) -> 586.81014 | AD52: =SUMIFS('[1]입고 예정'!$C:$C,'[1]입고 예정'!$A:$A,모니터링!D52,'[1]입고 예정'!$F:$F,모니터링!AD$6) -> 0 | AF52: =MAX(IFERROR(SUM((AA52-AC52)+AD52),0),0) -> 27118.19 | AG52: =IFERROR(AF52/AH52,0) -> 13.245036 | AH52: =IFERROR(VLOOKUP($D52,'[1]DNC 재고 현황'!$F:$V,15,0),0) -> 2047.4228 | AI52: =SUMIFS('[1]입고 예정'!$C:$C,'[1]입고 예정'!$A:$A,모니터링!D52,'[1]입고 예정'!$F:$F,모니터링!AI$6) -> 0 | AK52: =MAX(IFERROR(SUM((AF52-AH52)+AI52),0),0) -> 25070.767 | AL52: =IFERROR(AK52/AM52,0) -> 8.0208754 | AM52: =IFERROR(VLOOKUP($D52,'[1]DNC 재고 현황'!$F:$V,16,0),0) -> 3125.6896 | AN52: =SUMIFS('[1]입고 예정'!$C:$C,'[1]입고 예정'!$A:$A,모니터링!D52,'[1]입고 예정'!$F:$F,모니터링!AN$6) -> 0 | AP52: =MAX(IFERROR(SUM((AK52-AM52)+AN52),0),0) -> 21945.077 | AQ52: =IFERROR(AP52/AR52,0) -> 7.0209047 | AR52: =IFERROR(VLOOKUP($D52,'[1]DNC 재고 현황'!$F:$V,17,0),0) -> 3125.6766 | AS52: =SUMIFS('[1]입고 예정'!$C:$C,'[1]입고 예정'!$A:$A,모니터링!D52,'[1]입고 예정'!$F:$F,모니터링!AS$6) -> 0 | AU52: =MAX(IFERROR(AP52-AR52+AS52,0),0) -> 18819.401 | AV52: =IFERROR(AU52/#REF!,0) -> 0
C53: 운영 | D53: 9400501 | E53: =VLOOKUP($D53,'[1]SAP 코드내역'!$A:$D,4,0) -> [임가공]멜라B_앰플쿠션_봄에디션케이스_15g(HS) | K53: =IFERROR(VLOOKUP($D53,'[1]DNC 재고 현황'!$F:$AI,29,0),0) -> 6054 | L53: =IFERROR(VLOOKUP($D53,'[1]DNC 재고 현황'!$F:$AI,30,),0) -> 32917 | M53: =K53+L53 -> 38971 | N53: =VLOOKUP($D53,'[1]DNC 재고 현황'!$F:$X,19,0) -> 49884 | O53: =IFERROR(IF($M53/$V53>1,100%,IF($M53/$V53<0,0%,$M53/$V53)),"계획없음") -> 1 | P53: =$Y53+$AD53+$AI53+$AN53+$AI53 -> 0 | Q53: =IFERROR(W53/$M$2,0) -> 223.28571 | R53: =IFERROR(M53/$Q53,0) -> 174.53423 | S53: =IFERROR(N53/$Q53,0) -> 223.40883 | T53: =IFERROR(TODAY()+(M53/Q53),"") -> 46294.534 | U53: =IF(S53<=1,"🔴판매없음",IF(S53<=40,"🟡주의",IF(S53<=60,"🟢안전","✅충분"))) -> ✅충분 | V53: =IFERROR(SUMIF('[1](전체)FCST'!$D:$D,$D53,'[1](전체)FCST'!$H:$H),0) -> 12598.499 | W53: =IFERROR(VLOOKUP($D53,'[1]판매량,재고(피벗)'!$B:$C,2,0),0) -> 1563 | X53: =IFERROR(W53/$M$2*$O$2,0) -> 4912.2857 | AA53: =MAX(SUM(N53-X53+Y53),0) -> 44971.714 | AB53: =IFERROR(AA53/AC53,0) -> 4.0676392 | AC53: =IFERROR(VLOOKUP($D53,'[1]DNC 재고 현황'!$F:$V,14,0),0) -> 11055.974 | AD53: =SUMIFS('[1]입고 예정'!$C:$C,'[1]입고 예정'!$A:$A,모니터링!D727,'[1]입고 예정'!$F:$F,모니터링!AD$6) -> 0 | AF53: =MAX(IFERROR(SUM((AA53-AC53)+AD53),0),0) -> 33915.74 | AG53: =IFERROR(AF53/AH53,0) -> 2.6920461 | AH53: =IFERROR(VLOOKUP($D53,'[1]DNC 재고 현황'!$F:$V,15,0),0) -> 12598.499 | AI53: =SUMIFS('[1]입고 예정'!$C:$C,'[1]입고 예정'!$A:$A,모니터링!D727,'[1]입고 예정'!$F:$F,모니터링!AI$6) -> 0 | AK53: =MAX(IFERROR(SUM((AF53-AH53)+AI53),0),0) -> 21317.241 | AL53: =IFERROR(AK53/AM53,0) -> 42.634482 | AM53: =IFERROR(VLOOKUP($D53,'[1]DNC 재고 현황'!$F:$V,16,0),0) -> 500 | AN53: =SUMIFS('[1]입고 예정'!$C:$C,'[1]입고 예정'!$A:$A,모니터링!D727,'[1]입고 예정'!$F:$F,모니터링!AN$6) -> 0 | AP53: =MAX(IFERROR(SUM((AK53-AM53)+AN53),0),0) -> 20817.241 | AQ53: =IFERROR(AP53/AR53,0) -> 20.817241 | AR53: =IFERROR(VLOOKUP($D53,'[1]DNC 재고 현황'!$F:$V,17,0),0) -> 1000 | AS53: =SUMIFS('[1]입고 예정'!$C:$C,'[1]입고 예정'!$A:$A,모니터링!D727,'[1]입고 예정'!$F:$F,모니터링!AS$6) -> 0 | AU53: =MAX(IFERROR(AP53-AR53+AS53,0),0) -> 19817.241 | AV53: =IFERROR(AU53/#REF!,0) -> 0
A54: 대표품목 | B54: 제품 | C54: 소진후 단종 | D54: 9310807 | E54: =VLOOKUP($D54,'[1]SAP 코드내역'!$A:$D,4,0) -> 멜라B_매트커버팩트_23베이지_리필_19g | F54: 코스맥스(주) | I54: 3464.2028 | J54: 18436.129 | K54: =IFERROR(VLOOKUP($D54,'[1]DNC 재고 현황'!$F:$AI,29,0),0) -> 8100 | L54: =IFERROR(VLOOKUP($D54,'[1]DNC 재고 현황'!$F:$AI,30,),0) -> 3460 | M54: =K54+L54 -> 11560 | N54: =VLOOKUP($D54,'[1]DNC 재고 현황'!$F:$X,19,0) -> 11722 | O54: =IFERROR(IF($M54/$V54>1,100%,IF($M54/$V54<0,0%,$M54/$V54)),"계획없음") -> 1 | P54: =$Y54+$AD54+$AI54+$AN54+$AI54 -> 7000 | Q54: =IFERROR(W54/$M$2,0) -> 23 | R54: =IFERROR(M54/$Q54,0) -> 502.6087 | S54: =IFERROR(N54/$Q54,0) -> 509.65217 | T54: =IFERROR(TODAY()+(M54/Q54),"") -> 46622.609 | U54: =IF(S54<=1,"🔴판매없음",IF(S54<=40,"🟡주의",IF(S54<=60,"🟢안전","✅충분"))) -> ✅충분 | V54: =IFERROR(SUMIF('[1](전체)FCST'!$D:$D,$D54,'[1](전체)FCST'!$H:$H),0) -> 3344.832 | W54: =IFERROR(VLOOKUP($D54,'[1]판매량,재고(피벗)'!$B:$C,2,0),0) -> 161 | X54: =IFERROR(W54/$M$2*$O$2,0) -> 506 | AA54: =MAX(SUM(N54-X54+Y54),0) -> 11216 | AB54: =IFERROR(AA54/AC54,0) -> 19.953955 | AC54: =IFERROR(VLOOKUP($D54,'[1]DNC 재고 현황'!$F:$V,14,0),0) -> 562.09409 | AD54: =SUMIFS('[1]입고 예정'!$C:$C,'[1]입고 예정'!$A:$A,모니터링!D54,'[1]입고 예정'!$F:$F,모니터링!AD$6) -> 7000 | AF54: =MAX(IFERROR(SUM((AA54-AC54)+AD54),0),0) -> 17653.906 | AG54: =IFERROR(AF54/AH54,0) -> 5.2779649 | AH54: =IFERROR(VLOOKUP($D54,'[1]DNC 재고 현황'!$F:$V,15,0),0) -> 3344.832 | AI54: =SUMIFS('[1]입고 예정'!$C:$C,'[1]입고 예정'!$A:$A,모니터링!D54,'[1]입고 예정'!$F:$F,모니터링!AI$6) -> 0 | AK54: =MAX(IFERROR(SUM((AF54-AH54)+AI54),0),0) -> 14309.074 | AL54: =IFERROR(AK54/AM54,0) -> 3.8738182 | AM54: =IFERROR(VLOOKUP($D54,'[1]DNC 재고 현황'!$F:$V,16,0),0) -> 3693.7907 | AN54: =SUMIFS('[1]입고 예정'!$C:$C,'[1]입고 예정'!$A:$A,모니터링!D54,'[1]입고 예정'!$F:$F,모니터링!AN$6) -> 0 | AP54: =MAX(IFERROR(SUM((AK54-AM54)+AN54),0),0) -> 10615.283 | AQ54: =IFERROR(AP54/AR54,0) -> 2.8738297 | AR54: =IFERROR(VLOOKUP($D54,'[1]DNC 재고 현황'!$F:$V,17,0),0) -> 3693.7761 | AS54: =SUMIFS('[1]입고 예정'!$C:$C,'[1]입고 예정'!$A:$A,모니터링!D54,'[1]입고 예정'!$F:$F,모니터링!AS$6) -> 0 | AU54: =MAX(IFERROR(AP54-AR54+AS54,0),0) -> 6921.5071 | AV54: =IFERROR(AU54/#REF!,0) -> 0
C55: 운영 | D55: 9313970 | E55: =VLOOKUP($D55,'[1]SAP 코드내역'!$A:$D,4,0) -> (단종)[세트]기미쿠션레드에디션(26년설)_22호라이트베이지 | K55: =IFERROR(VLOOKUP($D55,'[1]DNC 재고 현황'!$F:$AI,29,0),0) -> 534 | L55: =IFERROR(VLOOKUP($D55,'[1]DNC 재고 현황'!$F:$AI,30,),0) -> 0 | M55: =K55+L55 -> 534 | N55: =VLOOKUP($D55,'[1]DNC 재고 현황'!$F:$X,19,0) -> 534 | O55: =IFERROR(IF($M55/$V55>1,100%,IF($M55/$V55<0,0%,$M55/$V55)),"계획없음") -> 1 | P55: =$Y55+$AD55+$AI55+$AN55+$AI55 -> 0 | Q55: =IFERROR(W55/$M$2,0) -> 1.4285714 | R55: =IFERROR(M55/$Q55,0) -> 373.8 | S55: =IFERROR(N55/$Q55,0) -> 373.8 | T55: =IFERROR(TODAY()+(M55/Q55),"") -> 46493.8 | U55: =IF(S55<=1,"🔴판매없음",IF(S55<=40,"🟡주의",IF(S55<=60,"🟢안전","✅충분"))) -> ✅충분 | V55: =IFERROR(SUMIF('[1](전체)FCST'!$D:$D,$D55,'[1](전체)FCST'!$H:$H),0) -> 2.4481052 | W55: =IFERROR(VLOOKUP($D55,'[1]판매량,재고(피벗)'!$B:$C,2,0),0) -> 10 | X55: =IFERROR(W55/$M$2*$O$2,0) -> 31.428571 | AA55: =MAX(SUM(N55-X55+Y55),0) -> 502.57143 | AB55: =IFERROR(AA55/AC55,0) -> 206.98534 | AC55: =IFERROR(VLOOKUP($D55,'[1]DNC 재고 현황'!$F:$V,14,0),0) -> 2.4280532 | AD55: =SUMIFS('[1]입고 예정'!$C:$C,'[1]입고 예정'!$A:$A,모니터링!D55,'[1]입고 예정'!$F:$F,모니터링!AD$6) -> 0 | AF55: =MAX(IFERROR(SUM((AA55-AC55)+AD55),0),0) -> 500.14338 | AG55: =IFERROR(AF55/AH55,0) -> 204.29815 | AH55: =IFERROR(VLOOKUP($D55,'[1]DNC 재고 현황'!$F:$V,15,0),0) -> 2.4481052 | AI55: =SUMIFS('[1]입고 예정'!$C:$C,'[1]입고 예정'!$A:$A,모니터링!D55,'[1]입고 예정'!$F:$F,모니터링!AI$6) -> 0 | AK55: =MAX(IFERROR(SUM((AF55-AH55)+AI55),0),0) -> 497.69527 | AL55: =IFERROR(AK55/AM55,0) -> 0 | AM55: =IFERROR(VLOOKUP($D55,'[1]DNC 재고 현황'!$F:$V,16,0),0) -> 0 | AN55: =SUMIFS('[1]입고 예정'!$C:$C,'[1]입고 예정'!$A:$A,모니터링!D55,'[1]입고 예정'!$F:$F,모니터링!AN$6) -> 0 | AP55: =MAX(IFERROR(SUM((AK55-AM55)+AN55),0),0) -> 497.69527 | AQ55: =IFERROR(AP55/AR55,0) -> 0 | AR55: =IFERROR(VLOOKUP($D55,'[1]DNC 재고 현황'!$F:$V,17,0),0) -> 0 | AS55: =SUMIFS('[1]입고 예정'!$C:$C,'[1]입고 예정'!$A:$A,모니터링!D55,'[1]입고 예정'!$F:$F,모니터링!AS$6) -> 0 | AU55: =MAX(IFERROR(AP55-AR55+AS55,0),0) -> 497.69527 | AV55: =IFERROR(AU55/#REF!,0) -> 0
C56: 운영 | D56: 9313974 | E56: =VLOOKUP($D56,'[1]SAP 코드내역'!$A:$D,4,0) -> (단종)[세트]글로우팩트(FW)레드에디션_23호베이지 | K56: =IFERROR(VLOOKUP($D56,'[1]DNC 재고 현황'!$F:$AI,29,0),0) -> 373 | L56: =IFERROR(VLOOKUP($D56,'[1]DNC 재고 현황'!$F:$AI,30,),0) -> 0 | M56: =K56+L56 -> 373 | N56: =VLOOKUP($D56,'[1]DNC 재고 현황'!$F:$X,19,0) -> 373 | O56: =IFERROR(IF($M56/$V56>1,100%,IF($M56/$V56<0,0%,$M56/$V56)),"계획없음") -> 1 | P56: =$Y56+$AD56+$AI56+$AN56+$AI56 -> 0 | Q56: =IFERROR(W56/$M$2,0) -> 0 | R56: =IFERROR(M56/$Q56,0) -> 0 | S56: =IFERROR(N56/$Q56,0) -> 0 | T56: =IFERROR(TODAY()+(M56/Q56),"") | U56: =IF(S56<=1,"🔴판매없음",IF(S56<=40,"🟡주의",IF(S56<=60,"🟢안전","✅충분"))) -> 🔴판매없음 | V56: =IFERROR(SUMIF('[1](전체)FCST'!$D:$D,$D56,'[1](전체)FCST'!$H:$H),0) -> 2.4481052 | W56: =IFERROR(VLOOKUP($D56,'[1]판매량,재고(피벗)'!$B:$C,2,0),0) -> 0 | X56: =IFERROR(W56/$M$2*$O$2,0) -> 0 | AA56: =MAX(SUM(N56-X56+Y56),0) -> 373 | AB56: =IFERROR(AA56/AC56,0) -> 153.62102 | AC56: =IFERROR(VLOOKUP($D56,'[1]DNC 재고 현황'!$F:$V,14,0),0) -> 2.4280532 | AD56: =SUMIFS('[1]입고 예정'!$C:$C,'[1]입고 예정'!$A:$A,모니터링!D56,'[1]입고 예정'!$F:$F,모니터링!AD$6) -> 0 | AF56: =MAX(IFERROR(SUM((AA56-AC56)+AD56),0),0) -> 370.57195 | AG56: =IFERROR(AF56/AH56,0) -> 151.37092 | AH56: =IFERROR(VLOOKUP($D56,'[1]DNC 재고 현황'!$F:$V,15,0),0) -> 2.4481052 | AI56: =SUMIFS('[1]입고 예정'!$C:$C,'[1]입고 예정'!$A:$A,모니터링!D56,'[1]입고 예정'!$F:$F,모니터링!AI$6) -> 0 | AK56: =MAX(IFERROR(SUM((AF56-AH56)+AI56),0),0) -> 368.12384 | AL56: =IFERROR(AK56/AM56,0) -> 0 | AM56: =IFERROR(VLOOKUP($D56,'[1]DNC 재고 현황'!$F:$V,16,0),0) -> 0 | AN56: =SUMIFS('[1]입고 예정'!$C:$C,'[1]입고 예정'!$A:$A,모니터링!D56,'[1]입고 예정'!$F:$F,모니터링!AN$6) -> 0 | AP56: =MAX(IFERROR(SUM((AK56-AM56)+AN56),0),0) -> 368.12384 | AQ56: =IFERROR(AP56/AR56,0) -> 0 | AR56: =IFERROR(VLOOKUP($D56,'[1]DNC 재고 현황'!$F:$V,17,0),0) -> 0 | AS56: =SUMIFS('[1]입고 예정'!$C:$C,'[1]입고 예정'!$A:$A,모니터링!D56,'[1]입고 예정'!$F:$F,모니터링!AS$6) -> 0 | AU56: =MAX(IFERROR(AP56-AR56+AS56,0),0) -> 368.12384 | AV56: =IFERROR(AU56/#REF!,0) -> 0
C57: 운영 | D57: 9313972 | E57: =VLOOKUP($D57,'[1]SAP 코드내역'!$A:$D,4,0) -> (단종)[세트]글로우팩트(FW)레드에디션_19호페어 | K57: =IFERROR(VLOOKUP($D57,'[1]DNC 재고 현황'!$F:$AI,29,0),0) -> 439 | L57: =IFERROR(VLOOKUP($D57,'[1]DNC 재고 현황'!$F:$AI,30,),0) -> 0 | M57: =K57+L57 -> 439 | N57: =VLOOKUP($D57,'[1]DNC 재고 현황'!$F:$X,19,0) -> 439 | O57: =IFERROR(IF($M57/$V57>1,100%,IF($M57/$V57<0,0%,$M57/$V57)),"계획없음") -> 1 | P57: =$Y57+$AD57+$AI57+$AN57+$AI57 -> 0 | Q57: =IFERROR(W57/$M$2,0) -> 0.28571429 | R57: =IFERROR(M57/$Q57,0) -> 1536.5 | S57: =IFERROR(N57/$Q57,0) -> 1536.5 | T57: =IFERROR(TODAY()+(M57/Q57),"") -> 47656.5 | U57: =IF(S57<=1,"🔴판매없음",IF(S57<=40,"🟡주의",IF(S57<=60,"🟢안전","✅충분"))) -> ✅충분 | V57: =IFERROR(SUMIF('[1](전체)FCST'!$D:$D,$D57,'[1](전체)FCST'!$H:$H),0) -> 2.4481052 | W57: =IFERROR(VLOOKUP($D57,'[1]판매량,재고(피벗)'!$B:$C,2,0),0) -> 2 | X57: =IFERROR(W57/$M$2*$O$2,0) -> 6.2857143 | AA57: =MAX(SUM(N57-X57+Y57),0) -> 432.71429 | AB57: =IFERROR(AA57/AC57,0) -> 178.2145 | AC57: =IFERROR(VLOOKUP($D57,'[1]DNC 재고 현황'!$F:$V,14,0),0) -> 2.4280532 | AD57: =SUMIFS('[1]입고 예정'!$C:$C,'[1]입고 예정'!$A:$A,모니터링!D57,'[1]입고 예정'!$F:$F,모니터링!AD$6) -> 0 | AF57: =MAX(IFERROR(SUM((AA57-AC57)+AD57),0),0) -> 430.28623 | AG57: =IFERROR(AF57/AH57,0) -> 175.76297 | AH57: =IFERROR(VLOOKUP($D57,'[1]DNC 재고 현황'!$F:$V,15,0),0) -> 2.4481052 | AI57: =SUMIFS('[1]입고 예정'!$C:$C,'[1]입고 예정'!$A:$A,모니터링!D57,'[1]입고 예정'!$F:$F,모니터링!AI$6) -> 0 | AK57: =MAX(IFERROR(SUM((AF57-AH57)+AI57),0),0) -> 427.83813 | AL57: =IFERROR(AK57/AM57,0) -> 0 | AM57: =IFERROR(VLOOKUP($D57,'[1]DNC 재고 현황'!$F:$V,16,0),0) -> 0 | AN57: =SUMIFS('[1]입고 예정'!$C:$C,'[1]입고 예정'!$A:$A,모니터링!D57,'[1]입고 예정'!$F:$F,모니터링!AN$6) -> 0 | AP57: =MAX(IFERROR(SUM((AK57-AM57)+AN57),0),0) -> 427.83813 | AQ57: =IFERROR(AP57/AR57,0) -> 0 | AR57: =IFERROR(VLOOKUP($D57,'[1]DNC 재고 현황'!$F:$V,17,0),0) -> 0 | AS57: =SUMIFS('[1]입고 예정'!$C:$C,'[1]입고 예정'!$A:$A,모니터링!D57,'[1]입고 예정'!$F:$F,모니터링!AS$6) -> 0 | AU57: =MAX(IFERROR(AP57-AR57+AS57,0),0) -> 427.83813 | AV57: =IFERROR(AU57/#REF!,0) -> 0
A58: 대표품목 | B58: 제품 | C58: 소진후 단종 | D58: 9310806 | E58: =VLOOKUP($D58,'[1]SAP 코드내역'!$A:$D,4,0) -> 멜라B_매트커버팩트_21내추럴_리필_19g | F58: 코스맥스(주) | I58: 3453.8884 | J58: 18058.541 | K58: =IFERROR(VLOOKUP($D58,'[1]DNC 재고 현황'!$F:$AI,29,0),0) -> 7936 | L58: =IFERROR(VLOOKUP($D58,'[1]DNC 재고 현황'!$F:$AI,30,),0) -> 37677 | M58: =K58+L58 -> 45613 | N58: =VLOOKUP($D58,'[1]DNC 재고 현황'!$F:$X,19,0) -> 46367 | O58: =IFERROR(IF($M58/$V58>1,100%,IF($M58/$V58<0,0%,$M58/$V58)),"계획없음") -> 1 | P58: =$Y58+$AD58+$AI58+$AN58+$AI58 -> 0 | Q58: =IFERROR(W58/$M$2,0) -> 93 | R58: =IFERROR(M58/$Q58,0) -> 490.46237 | S58: =IFERROR(N58/$Q58,0) -> 498.56989 | T58: =IFERROR(TODAY()+(M58/Q58),"") -> 46610.462 | U58: =IF(S58<=1,"🔴판매없음",IF(S58<=40,"🟡주의",IF(S58<=60,"🟢안전","✅충분"))) -> ✅충분 | V58: =IFERROR(SUMIF('[1](전체)FCST'!$D:$D,$D58,'[1](전체)FCST'!$H:$H),0) -> 14323.578 | W58: =IFERROR(VLOOKUP($D58,'[1]판매량,재고(피벗)'!$B:$C,2,0),0) -> 651 | X58: =IFERROR(W58/$M$2*$O$2,0) -> 2046 | AA58: =MAX(SUM(N58-X58+Y58),0) -> 44321 | AB58: =IFERROR(AA58/AC58,0) -> 15.439666 | AC58: =IFERROR(VLOOKUP($D58,'[1]DNC 재고 현황'!$F:$V,14,0),0) -> 2870.5931 | AD58: =SUMIFS('[1]입고 예정'!$C:$C,'[1]입고 예정'!$A:$A,모니터링!D58,'[1]입고 예정'!$F:$F,모니터링!AD$6) -> 0 | AF58: =MAX(IFERROR(SUM((AA58-AC58)+AD58),0),0) -> 41450.407 | AG58: =IFERROR(AF58/AH58,0) -> 2.8938583 | AH58: =IFERROR(VLOOKUP($D58,'[1]DNC 재고 현황'!$F:$V,15,0),0) -> 14323.578 | AI58: =SUMIFS('[1]입고 예정'!$C:$C,'[1]입고 예정'!$A:$A,모니터링!D58,'[1]입고 예정'!$F:$F,모니터링!AI$6) -> 0 | AK58: =MAX(IFERROR(SUM((AF58-AH58)+AI58),0),0) -> 27126.828 | AL58: =IFERROR(AK58/AM58,0) -> 1.6300786 | AM58: =IFERROR(VLOOKUP($D58,'[1]DNC 재고 현황'!$F:$V,16,0),0) -> 16641.424 | AN58: =SUMIFS('[1]입고 예정'!$C:$C,'[1]입고 예정'!$A:$A,모니터링!D58,'[1]입고 예정'!$F:$F,모니터링!AN$6) -> 0 | AP58: =MAX(IFERROR(SUM((AK58-AM58)+AN58),0),0) -> 10485.404 | AQ58: =IFERROR(AP58/AR58,0) -> 0.63008206 | AR58: =IFERROR(VLOOKUP($D58,'[1]DNC 재고 현황'!$F:$V,17,0),0) -> 16641.331 | AS58: =SUMIFS('[1]입고 예정'!$C:$C,'[1]입고 예정'!$A:$A,모니터링!D58,'[1]입고 예정'!$F:$F,모니터링!AS$6) -> 0 | AU58: =MAX(IFERROR(AP58-AR58+AS58,0),0) -> 0 | AV58: =IFERROR(AU58/#REF!,0) -> 0
B59: 제품 | C59: 운영 | D59: 9310455 | E59: =VLOOKUP($D59,'[1]SAP 코드내역'!$A:$D,4,0) -> 멜라_클리어선패치4매_v2지퍼백 | I59: 3179.9931 | J59: 17027.386 | K59: =IFERROR(VLOOKUP($D59,'[1]DNC 재고 현황'!$F:$AI,29,0),0) -> 84300 | L59: =IFERROR(VLOOKUP($D59,'[1]DNC 재고 현황'!$F:$AI,30,),0) -> 0 | M59: =K59+L59 -> 84300 | N59: =VLOOKUP($D59,'[1]DNC 재고 현황'!$F:$X,19,0) -> 84306 | O59: =IFERROR(IF($M59/$V59>1,100%,IF($M59/$V59<0,0%,$M59/$V59)),"계획없음") -> 1 | P59: =$Y59+$AD59+$AI59+$AN59+$AI59 -> 0 | Q59: =IFERROR(W59/$M$2,0) -> 149.28571 | R59: =IFERROR(M59/$Q59,0) -> 564.689 | S59: =IFERROR(N59/$Q59,0) -> 564.72919 | T59: =IFERROR(TODAY()+(M59/Q59),"") -> 46684.689 | U59: =IF(S59<=1,"🔴판매없음",IF(S59<=40,"🟡주의",IF(S59<=60,"🟢안전","✅충분"))) -> ✅충분 | V59: =IFERROR(SUMIF('[1](전체)FCST'!$D:$D,$D59,'[1](전체)FCST'!$H:$H),0) -> 6098.4297 | W59: =IFERROR(VLOOKUP($D59,'[1]판매량,재고(피벗)'!$B:$C,2,0),0) -> 1045 | X59: =IFERROR(W59/$M$2*$O$2,0) -> 3284.2857 | AA59: =MAX(SUM(N59-X59+Y59),0) -> 81021.714 | AB59: =IFERROR(AA59/AC59,0) -> 41.593319 | AC59: =IFERROR(VLOOKUP($D59,'[1]DNC 재고 현황'!$F:$V,14,0),0) -> 1947.9502 | AD59: =SUMIFS('[1]입고 예정'!$C:$C,'[1]입고 예정'!$A:$A,모니터링!D59,'[1]입고 예정'!$F:$F,모니터링!AD$6) -> 0 | AF59: =MAX(IFERROR(SUM((AA59-AC59)+AD59),0),0) -> 79073.764 | AG59: =IFERROR(AF59/AH59,0) -> 12.96625 | AH59: =IFERROR(VLOOKUP($D59,'[1]DNC 재고 현황'!$F:$V,15,0),0) -> 6098.4297 | AI59: =SUMIFS('[1]입고 예정'!$C:$C,'[1]입고 예정'!$A:$A,모니터링!D59,'[1]입고 예정'!$F:$F,모니터링!AI$6) -> 0 | AK59: =MAX(IFERROR(SUM((AF59-AH59)+AI59),0),0) -> 72975.334 | AL59: =IFERROR(AK59/AM59,0) -> 7.9705266 | AM59: =IFERROR(VLOOKUP($D59,'[1]DNC 재고 현황'!$F:$V,16,0),0) -> 9155.6478 | AN59: =SUMIFS('[1]입고 예정'!$C:$C,'[1]입고 예정'!$A:$A,모니터링!D59,'[1]입고 예정'!$F:$F,모니터링!AN$6) -> 0 | AP59: =MAX(IFERROR(SUM((AK59-AM59)+AN59),0),0) -> 63819.687 | AQ59: =IFERROR(AP59/AR59,0) -> 6.9705266 | AR59: =IFERROR(VLOOKUP($D59,'[1]DNC 재고 현황'!$F:$V,17,0),0) -> 9155.6478 | AS59: =SUMIFS('[1]입고 예정'!$C:$C,'[1]입고 예정'!$A:$A,모니터링!D59,'[1]입고 예정'!$F:$F,모니터링!AS$6) -> 0 | AU59: =MAX(IFERROR(AP59-AR59+AS59,0),0) -> 54664.039 | AV59: =IFERROR(AU59/#REF!,0) -> 0
A60: - | B60: 제품 | C60: 운영 | D60: 9311192 | E60: =VLOOKUP($D60,'[1]SAP 코드내역'!$A:$D,4,0) -> 멜라_토닝겔패치_시카알로에_4매 | F60: 주식회사씨엔에프 | I60: 2112.5156 | J60: 11303.44 | K60: =IFERROR(VLOOKUP($D60,'[1]DNC 재고 현황'!$F:$AI,29,0),0) -> 7881 | L60: =IFERROR(VLOOKUP($D60,'[1]DNC 재고 현황'!$F:$AI,30,),0) -> 124221 | M60: =K60+L60 -> 132102 | N60: =VLOOKUP($D60,'[1]DNC 재고 현황'!$F:$X,19,0) -> 133110 | O60: =IFERROR(IF($M60/$V60>1,100%,IF($M60/$V60<0,0%,$M60/$V60)),"계획없음") -> 1 | P60: =$Y60+$AD60+$AI60+$AN60+$AI60 -> 0 | Q60: =IFERROR(W60/$M$2,0) -> 285.71429 | R60: =IFERROR(M60/$Q60,0) -> 462.357 | S60: =IFERROR(N60/$Q60,0) -> 465.885 | T60: =IFERROR(TODAY()+(M60/Q60),"") -> 46582.357 | U60: =IF(S60<=1,"🔴판매없음",IF(S60<=40,"🟡주의",IF(S60<=60,"🟢안전","✅충분"))) -> ✅충분 | V60: =IFERROR(SUMIF('[1](전체)FCST'!$D:$D,$D60,'[1](전체)FCST'!$H:$H),0) -> 827.45866 | W60: =IFERROR(VLOOKUP($D60,'[1]판매량,재고(피벗)'!$B:$C,2,0),0) -> 2000 | X60: =IFERROR(W60/$M$2*$O$2,0) -> 6285.7143 | AA60: =MAX(SUM(N60-X60+Y60),0) -> 126824.29 | AB60: =IFERROR(AA60/AC60,0) -> 657.21477 | AC60: =IFERROR(VLOOKUP($D60,'[1]DNC 재고 현황'!$F:$V,14,0),0) -> 192.97236 | AD60: =SUMIFS('[1]입고 예정'!$C:$C,'[1]입고 예정'!$A:$A,모니터링!D60,'[1]입고 예정'!$F:$F,모니터링!AD$6) -> 0 | AF60: =MAX(IFERROR(SUM((AA60-AC60)+AD60),0),0) -> 126631.31 | AG60: =IFERROR(AF60/AH60,0) -> 153.03642 | AH60: =IFERROR(VLOOKUP($D60,'[1]DNC 재고 현황'!$F:$V,15,0),0) -> 827.45866 | AI60: =SUMIFS('[1]입고 예정'!$C:$C,'[1]입고 예정'!$A:$A,모니터링!D60,'[1]입고 예정'!$F:$F,모니터링!AI$6) -> 0 | AK60: =MAX(IFERROR(SUM((AF60-AH60)+AI60),0),0) -> 125803.85 | AL60: =IFERROR(AK60/AM60,0) -> 30.507331 | AM60: =IFERROR(VLOOKUP($D60,'[1]DNC 재고 현황'!$F:$V,16,0),0) -> 4123.7254 | AN60: =SUMIFS('[1]입고 예정'!$C:$C,'[1]입고 예정'!$A:$A,모니터링!D60,'[1]입고 예정'!$F:$F,모니터링!AN$6) -> 0 | AP60: =MAX(IFERROR(SUM((AK60-AM60)+AN60),0),0) -> 121680.13 | AQ60: =IFERROR(AP60/AR60,0) -> 3.1830248 | AR60: =IFERROR(VLOOKUP($D60,'[1]DNC 재고 현황'!$F:$V,17,0),0) -> 38227.83 | AS60: =SUMIFS('[1]입고 예정'!$C:$C,'[1]입고 예정'!$A:$A,모니터링!D60,'[1]입고 예정'!$F:$F,모니터링!AS$6) -> 0 | AU60: =MAX(IFERROR(AP60-AR60+AS60,0),0) -> 83452.299 | AV60: =IFERROR(AU60/#REF!,0) -> 0
A61: - | B61: 판촉물 | C61: 운영 | D61: 7302264 | E61: =VLOOKUP($D61,'[1]SAP 코드내역'!$A:$D,4,0) -> [판촉물_파우치]미니키링파우치(그린) | F61: ㈜이안플러스 | I61: 2058.2273 | J61: 1286.6523 | K61: =IFERROR(VLOOKUP($D61,'[1]DNC 재고 현황'!$F:$AI,29,0),0) -> 13068 | L61: =IFERROR(VLOOKUP($D61,'[1]DNC 재고 현황'!$F:$AI,30,),0) -> 24397 | M61: =K61+L61 -> 37465 | N61: =VLOOKUP($D61,'[1]DNC 재고 현황'!$F:$X,19,0) -> 39304 | O61: =IFERROR(IF($M61/$V61>1,100%,IF($M61/$V61<0,0%,$M61/$V61)),"계획없음") -> 1 | P61: =$Y61+$AD61+$AI61+$AN61+$AI61 -> 0 | Q61: =IFERROR(W61/$M$2,0) -> 0.42857143 | R61: =IFERROR(M61/$Q61,0) -> 87418.333 | S61: =IFERROR(N61/$Q61,0) -> 91709.333 | T61: =IFERROR(TODAY()+(M61/Q61),"") -> 133538.33 | U61: =IF(S61<=1,"🔴판매없음",IF(S61<=40,"🟡주의",IF(S61<=60,"🟢안전","✅충분"))) -> ✅충분 | V61: =IFERROR(SUMIF('[1](전체)FCST'!$D:$D,$D61,'[1](전체)FCST'!$H:$H),0) -> 8.9514079 | W61: =IFERROR(VLOOKUP($D61,'[1]판매량,재고(피벗)'!$B:$C,2,0),0) -> 3 | X61: =IFERROR(W61/$M$2*$O$2,0) -> 9.4285714 | AA61: =MAX(SUM(N61-X61+Y61),0) -> 39294.571 | AB61: =IFERROR(AA61/AC61,0) -> 4407.2592 | AC61: =IFERROR(VLOOKUP($D61,'[1]DNC 재고 현황'!$F:$V,14,0),0) -> 8.9158748 | AD61: =SUMIFS('[1]입고 예정'!$C:$C,'[1]입고 예정'!$A:$A,모니터링!D61,'[1]입고 예정'!$F:$F,모니터링!AD$6) -> 0 | AF61: =MAX(IFERROR(SUM((AA61-AC61)+AD61),0),0) -> 39285.656 | AG61: =IFERROR(AF61/AH61,0) -> 4388.7683 | AH61: =IFERROR(VLOOKUP($D61,'[1]DNC 재고 현황'!$F:$V,15,0),0) -> 8.9514079 | AI61: =SUMIFS('[1]입고 예정'!$C:$C,'[1]입고 예정'!$A:$A,모니터링!D61,'[1]입고 예정'!$F:$F,모니터링!AI$6) -> 0 | AK61: =MAX(IFERROR(SUM((AF61-AH61)+AI61),0),0) -> 39276.704 | AL61: =IFERROR(AK61/AM61,0) -> 0 | AM61: =IFERROR(VLOOKUP($D61,'[1]DNC 재고 현황'!$F:$V,16,0),0) -> 0 | AN61: =SUMIFS('[1]입고 예정'!$C:$C,'[1]입고 예정'!$A:$A,모니터링!D61,'[1]입고 예정'!$F:$F,모니터링!AN$6) -> 0 | AP61: =MAX(IFERROR(SUM((AK61-AM61)+AN61),0),0) -> 39276.704 | AQ61: =IFERROR(AP61/AR61,0) -> 0 | AR61: =IFERROR(VLOOKUP($D61,'[1]DNC 재고 현황'!$F:$V,17,0),0) -> 0 | AS61: =SUMIFS('[1]입고 예정'!$C:$C,'[1]입고 예정'!$A:$A,모니터링!D61,'[1]입고 예정'!$F:$F,모니터링!AS$6) -> 0 | AU61: =MAX(IFERROR(AP61-AR61+AS61,0),0) -> 39276.704 | AV61: =IFERROR(AU61/#REF!,0) -> 0
D62: 9313973 | E62: =VLOOKUP($D62,'[1]SAP 코드내역'!$A:$D,4,0) -> (단종)[세트]글로우팩트(FW)레드에디션_21호내추럴 | K62: =IFERROR(VLOOKUP($D62,'[1]DNC 재고 현황'!$F:$AI,29,0),0) -> 977 | L62: =IFERROR(VLOOKUP($D62,'[1]DNC 재고 현황'!$F:$AI,30,),0) -> 0 | M62: =K62+L62 -> 977 | N62: =VLOOKUP($D62,'[1]DNC 재고 현황'!$F:$X,19,0) -> 977 | O62: =IFERROR(IF($M62/$V62>1,100%,IF($M62/$V62<0,0%,$M62/$V62)),"계획없음") -> 1 | P62: =$Y62+$AD62+$AI62+$AN62+$AI62 -> 0 | Q62: =IFERROR(W62/$M$2,0) -> 1.7142857 | R62: =IFERROR(M62/$Q62,0) -> 569.91667 | S62: =IFERROR(N62/$Q62,0) -> 569.91667 | T62: =IFERROR(TODAY()+(M62/Q62),"") -> 46689.917 | U62: =IF(S62<=1,"🔴판매없음",IF(S62<=40,"🟡주의",IF(S62<=60,"🟢안전","✅충분"))) -> ✅충분 | V62: =IFERROR(SUMIF('[1](전체)FCST'!$D:$D,$D62,'[1](전체)FCST'!$H:$H),0) -> 73.443157 | W62: =IFERROR(VLOOKUP($D62,'[1]판매량,재고(피벗)'!$B:$C,2,0),0) -> 12 | X62: =IFERROR(W62/$M$2*$O$2,0) -> 37.714286 | AA62: =MAX(SUM(N62-X62+Y62),0) -> 939.28571 | AB62: =IFERROR(AA62/AC62,0) -> 12.894908 | AC62: =IFERROR(VLOOKUP($D62,'[1]DNC 재고 현황'!$F:$V,14,0),0) -> 72.841596 | AD62: =SUMIFS('[1]입고 예정'!$C:$C,'[1]입고 예정'!$A:$A,모니터링!D62,'[1]입고 예정'!$F:$F,모니터링!AD$6) -> 0 | AF62: =MAX(IFERROR(SUM((AA62-AC62)+AD62),0),0) -> 866.44412 | AG62: =IFERROR(AF62/AH62,0) -> 11.797479 | AH62: =IFERROR(VLOOKUP($D62,'[1]DNC 재고 현황'!$F:$V,15,0),0) -> 73.443157 | AI62: =SUMIFS('[1]입고 예정'!$C:$C,'[1]입고 예정'!$A:$A,모니터링!D62,'[1]입고 예정'!$F:$F,모니터링!AI$6) -> 0 | AK62: =MAX(IFERROR(SUM((AF62-AH62)+AI62),0),0) -> 793.00096 | AL62: =IFERROR(AK62/AM62,0) -> 0 | AM62: =IFERROR(VLOOKUP($D62,'[1]DNC 재고 현황'!$F:$V,16,0),0) -> 0 | AN62: =SUMIFS('[1]입고 예정'!$C:$C,'[1]입고 예정'!$A:$A,모니터링!D62,'[1]입고 예정'!$F:$F,모니터링!AN$6) -> 0 | AP62: =MAX(IFERROR(SUM((AK62-AM62)+AN62),0),0) -> 793.00096 | AQ62: =IFERROR(AP62/AR62,0) -> 0 | AR62: =IFERROR(VLOOKUP($D62,'[1]DNC 재고 현황'!$F:$V,17,0),0) -> 0 | AS62: =SUMIFS('[1]입고 예정'!$C:$C,'[1]입고 예정'!$A:$A,모니터링!D62,'[1]입고 예정'!$F:$F,모니터링!AS$6) -> 0 | AU62: =MAX(IFERROR(AP62-AR62+AS62,0),0) -> 793.00096 | AV62: =IFERROR(AU62/#REF!,0) -> 0
A63: 대표품목 | B63: 제품 | C63: 운영 | D63: 9311190 | E63: =VLOOKUP($D63,'[1]SAP 코드내역'!$A:$D,4,0) -> 멜라_토닝원데이앰플_시카알로에_30ml | F63: 코스맥스(주) | I63: 6004.3831 | J63: 45208.876 | K63: =IFERROR(VLOOKUP($D63,'[1]DNC 재고 현황'!$F:$AI,29,0),0) -> 16807 | L63: =IFERROR(VLOOKUP($D63,'[1]DNC 재고 현황'!$F:$AI,30,),0) -> 38800 | M63: =K63+L63 -> 55607 | N63: =VLOOKUP($D63,'[1]DNC 재고 현황'!$F:$X,19,0) -> 56740 | O63: =IFERROR(IF($M63/$V63>1,100%,IF($M63/$V63<0,0%,$M63/$V63)),"계획없음") -> 1 | P63: =$Y63+$AD63+$AI63+$AN63+$AI63 -> 0 | Q63: =IFERROR(W63/$M$2,0) -> 5.4285714 | R63: =IFERROR(M63/$Q63,0) -> 10243.395 | S63: =IFERROR(N63/$Q63,0) -> 10452.105 | T63: =IFERROR(TODAY()+(M63/Q63),"") -> 56363.395 | U63: =IF(S63<=1,"🔴판매없음",IF(S63<=40,"🟡주의",IF(S63<=60,"🟢안전","✅충분"))) -> ✅충분 | V63: =IFERROR(SUMIF('[1](전체)FCST'!$D:$D,$D63,'[1](전체)FCST'!$H:$H),0) -> 129.66158 | W63: =IFERROR(VLOOKUP($D63,'[1]판매량,재고(피벗)'!$B:$C,2,0),0) -> 38 | X63: =IFERROR(W63/$M$2*$O$2,0) -> 119.42857 | AA63: =MAX(SUM(N63-X63+Y63),0) -> 56620.571 | AB63: =IFERROR(AA63/AC63,0) -> 1028.6334 | AC63: =IFERROR(VLOOKUP($D63,'[1]DNC 재고 현황'!$F:$V,14,0),0) -> 55.04446 | AD63: =SUMIFS('[1]입고 예정'!$C:$C,'[1]입고 예정'!$A:$A,모니터링!D63,'[1]입고 예정'!$F:$F,모니터링!AD$6) -> 0 | AF63: =MAX(IFERROR(SUM((AA63-AC63)+AD63),0),0) -> 56565.527 | AG63: =IFERROR(AF63/AH63,0) -> 436.25511 | AH63: =IFERROR(VLOOKUP($D63,'[1]DNC 재고 현황'!$F:$V,15,0),0) -> 129.66158 | AI63: =SUMIFS('[1]입고 예정'!$C:$C,'[1]입고 예정'!$A:$A,모니터링!D63,'[1]입고 예정'!$F:$F,모니터링!AI$6) -> 0 | AK63: =MAX(IFERROR(SUM((AF63-AH63)+AI63),0),0) -> 56435.865 | AL63: =IFERROR(AK63/AM63,0) -> 26.200472 | AM63: =IFERROR(VLOOKUP($D63,'[1]DNC 재고 현황'!$F:$V,16,0),0) -> 2154.0018 | AN63: =SUMIFS('[1]입고 예정'!$C:$C,'[1]입고 예정'!$A:$A,모니터링!D63,'[1]입고 예정'!$F:$F,모니터링!AN$6) -> 0 | AP63: =MAX(IFERROR(SUM((AK63-AM63)+AN63),0),0) -> 54281.864 | AQ63: =IFERROR(AP63/AR63,0) -> 1.008589 | AR63: =IFERROR(VLOOKUP($D63,'[1]DNC 재고 현황'!$F:$V,17,0),0) -> 53819.605 | AS63: =SUMIFS('[1]입고 예정'!$C:$C,'[1]입고 예정'!$A:$A,모니터링!D63,'[1]입고 예정'!$F:$F,모니터링!AS$6) -> 0 | AU63: =MAX(IFERROR(AP63-AR63+AS63,0),0) -> 462.25906 | AV63: =IFERROR(AU63/#REF!,0) -> 0
A64: - | B64: 제품 | C64: 소진 후 단종 | D64: 9303605 | E64: =VLOOKUP($D64,'[1]SAP 코드내역'!$A:$D,4,0) -> DWEGF_프레좀알엑스크림_50ml | F64: 코스맥스(주) | I64: 3025.5234 | J64: 19일부터 데일리 입고 | K64: =IFERROR(VLOOKUP($D64,'[1]DNC 재고 현황'!$F:$AI,29,0),0) -> 14 | L64: =IFERROR(VLOOKUP($D64,'[1]DNC 재고 현황'!$F:$AI,30,),0) -> 0 | M64: =K64+L64 -> 14 | N64: =VLOOKUP($D64,'[1]DNC 재고 현황'!$F:$X,19,0) -> 633 | O64: =IFERROR(IF($M64/$V64>1,100%,IF($M64/$V64<0,0%,$M64/$V64)),"계획없음") -> 0.0094495344 | P64: =$Y64+$AD64+$AI64+$AN64+$AI64 -> 0 | Q64: =IFERROR(W64/$M$2,0) -> 0 | R64: =IFERROR(M64/$Q64,0) -> 0 | S64: =IFERROR(N64/$Q64,0) -> 0 | T64: =IFERROR(TODAY()+(M64/Q64),"") | U64: =IF(S64<=1,"🔴판매없음",IF(S64<=40,"🟡주의",IF(S64<=60,"🟢안전","✅충분"))) -> 🔴판매없음 | V64: =IFERROR(SUMIF('[1](전체)FCST'!$D:$D,$D64,'[1](전체)FCST'!$H:$H),0) -> 1481.5545 | W64: =IFERROR(VLOOKUP($D64,'[1]판매량,재고(피벗)'!$B:$C,2,0),0) -> 0 | X64: =IFERROR(W64/$M$2*$O$2,0) -> 0 | AA64: =MAX(SUM(N64-X64+Y64),0) -> 633 | AB64: =IFERROR(AA64/AC64,0) -> 0.096366599 | AC64: =IFERROR(VLOOKUP($D64,'[1]DNC 재고 현황'!$F:$V,14,0),0) -> 6568.666 | AD64: =SUMIFS('[1]입고 예정'!$C:$C,'[1]입고 예정'!$A:$A,모니터링!D34,'[1]입고 예정'!$F:$F,모니터링!AD$6) -> 0 | AF64: =MAX(IFERROR(SUM((AA64-AC64)+AD64),0),0) -> 0 | AG64: =IFERROR(AF64/AH64,0) -> 0 | AH64: =IFERROR(VLOOKUP($D64,'[1]DNC 재고 현황'!$F:$V,15,0),0) -> 1481.5545 | AI64: =SUMIFS('[1]입고 예정'!$C:$C,'[1]입고 예정'!$A:$A,모니터링!D34,'[1]입고 예정'!$F:$F,모니터링!AI$6) -> 0 | AK64: =MAX(IFERROR(SUM((AF64-AH64)+AI64),0),0) -> 0 | AL64: =IFERROR(AK64/AM64,0) -> 0 | AM64: =IFERROR(VLOOKUP($D64,'[1]DNC 재고 현황'!$F:$V,16,0),0) -> 1527.9975 | AN64: =SUMIFS('[1]입고 예정'!$C:$C,'[1]입고 예정'!$A:$A,모니터링!D34,'[1]입고 예정'!$F:$F,모니터링!AN$6) -> 0 | AP64: =MAX(IFERROR(SUM((AK64-AM64)+AN64),0),0) -> 0 | AQ64: =IFERROR(AP64/AR64,0) -> 0 | AR64: =IFERROR(VLOOKUP($D64,'[1]DNC 재고 현황'!$F:$V,17,0),0) -> 3527.6058 | AS64: =SUMIFS('[1]입고 예정'!$C:$C,'[1]입고 예정'!$A:$A,모니터링!D34,'[1]입고 예정'!$F:$F,모니터링!AS$6) -> 0 | AU64: =MAX(IFERROR(AP64-AR64+AS64,0),0) -> 0 | AV64: =IFERROR(AU64/#REF!,0) -> 0
A65: 대표품목 | B65: 제품 | C65: 소진후 단종 | D65: 9310697 | E65: =VLOOKUP($D65,'[1]SAP 코드내역'!$A:$D,4,0) -> 멜라B_토닝앰플쿠션_19페어_미니_8g_v1 | F65: 코스맥스(주) | H65: 신제품 | I65: 3352.752 | J65: 11088.619 | K65: =IFERROR(VLOOKUP($D65,'[1]DNC 재고 현황'!$F:$AI,29,0),0) -> 66 | L65: =IFERROR(VLOOKUP($D65,'[1]DNC 재고 현황'!$F:$AI,30,),0) -> 1 | M65: =K65+L65 -> 67 | N65: =VLOOKUP($D65,'[1]DNC 재고 현황'!$F:$X,19,0) -> 610 | O65: =IFERROR(IF($M65/$V65>1,100%,IF($M65/$V65<0,0%,$M65/$V65)),"계획없음") -> 0.019835792 | P65: =$Y65+$AD65+$AI65+$AN65+$AI65 -> 0 | Q65: =IFERROR(W65/$M$2,0) -> 61.142857 | R65: =IFERROR(M65/$Q65,0) -> 1.0957944 | S65: =IFERROR(N65/$Q65,0) -> 9.9766355 | T65: =IFERROR(TODAY()+(M65/Q65),"") -> 46121.096 | U65: =IF(S65<=1,"🔴판매없음",IF(S65<=40,"🟡주의",IF(S65<=60,"🟢안전","✅충분"))) -> 🟡주의 | V65: =IFERROR(SUMIF('[1](전체)FCST'!$D:$D,$D65,'[1](전체)FCST'!$H:$H),0) -> 3377.7325 | W65: =IFERROR(VLOOKUP($D65,'[1]판매량,재고(피벗)'!$B:$C,2,0),0) -> 428 | X65: =IFERROR(W65/$M$2*$O$2,0) -> 1345.1429 | AA65: =MAX(SUM(N65-X65+Y65),0) -> 0 | AB65: =IFERROR(AA65/AC65,0) -> 0 | AC65: =IFERROR(VLOOKUP($D65,'[1]DNC 재고 현황'!$F:$V,14,0),0) -> 9088.9662 | AD65: =SUMIFS('[1]입고 예정'!$C:$C,'[1]입고 예정'!$A:$A,모니터링!D102,'[1]입고 예정'!$F:$F,모니터링!AD$6) -> 0 | AF65: =MAX(IFERROR(SUM((AA65-AC65)+AD65),0),0) -> 0 | AG65: =IFERROR(AF65/AH65,0) -> 0 | AH65: =IFERROR(VLOOKUP($D65,'[1]DNC 재고 현황'!$F:$V,15,0),0) -> 3377.7325 | AI65: =SUMIFS('[1]입고 예정'!$C:$C,'[1]입고 예정'!$A:$A,모니터링!D102,'[1]입고 예정'!$F:$F,모니터링!AI$6) -> 0 | AK65: =MAX(IFERROR(SUM((AF65-AH65)+AI65),0),0) -> 0 | AL65: =IFERROR(AK65/AM65,0) -> 0 | AM65: =IFERROR(VLOOKUP($D65,'[1]DNC 재고 현황'!$F:$V,16,0),0) -> 3388.5469 | AN65: =SUMIFS('[1]입고 예정'!$C:$C,'[1]입고 예정'!$A:$A,모니터링!D102,'[1]입고 예정'!$F:$F,모니터링!AN$6) -> 0 | AP65: =MAX(IFERROR(SUM((AK65-AM65)+AN65),0),0) -> 0 | AQ65: =IFERROR(AP65/AR65,0) -> 0 | AR65: =IFERROR(VLOOKUP($D65,'[1]DNC 재고 현황'!$F:$V,17,0),0) -> 3388.5469 | AS65: =SUMIFS('[1]입고 예정'!$C:$C,'[1]입고 예정'!$A:$A,모니터링!D102,'[1]입고 예정'!$F:$F,모니터링!AS$6) -> 0 | AU65: =MAX(IFERROR(AP65-AR65+AS65,0),0) -> 0 | AV65: =IFERROR(AU65/#REF!,0) -> 0
D66: 9313971 | E66: =VLOOKUP($D66,'[1]SAP 코드내역'!$A:$D,4,0) -> (단종)[세트]기미쿠션레드에디션(26년설)_23호베이지 | K66: =IFERROR(VLOOKUP($D66,'[1]DNC 재고 현황'!$F:$AI,29,0),0) -> 435 | L66: =IFERROR(VLOOKUP($D66,'[1]DNC 재고 현황'!$F:$AI,30,),0) -> 0 | M66: =K66+L66 -> 435 | N66: =VLOOKUP($D66,'[1]DNC 재고 현황'!$F:$X,19,0) -> 435 | O66: =IFERROR(IF($M66/$V66>1,100%,IF($M66/$V66<0,0%,$M66/$V66)),"계획없음") -> 1 | P66: =$Y66+$AD66+$AI66+$AN66+$AI66 -> 0 | Q66: =IFERROR(W66/$M$2,0) -> 0.28571429 | R66: =IFERROR(M66/$Q66,0) -> 1522.5 | S66: =IFERROR(N66/$Q66,0) -> 1522.5 | T66: =IFERROR(TODAY()+(M66/Q66),"") -> 47642.5 | U66: =IF(S66<=1,"🔴판매없음",IF(S66<=40,"🟡주의",IF(S66<=60,"🟢안전","✅충분"))) -> ✅충분 | V66: =IFERROR(SUMIF('[1](전체)FCST'!$D:$D,$D66,'[1](전체)FCST'!$H:$H),0) -> 2.4481052 | W66: =IFERROR(VLOOKUP($D66,'[1]판매량,재고(피벗)'!$B:$C,2,0),0) -> 2 | X66: =IFERROR(W66/$M$2*$O$2,0) -> 6.2857143 | AA66: =MAX(SUM(N66-X66+Y66),0) -> 428.71429 | AB66: =IFERROR(AA66/AC66,0) -> 176.56709 | AC66: =IFERROR(VLOOKUP($D66,'[1]DNC 재고 현황'!$F:$V,14,0),0) -> 2.4280532 | AD66: =SUMIFS('[1]입고 예정'!$C:$C,'[1]입고 예정'!$A:$A,모니터링!D66,'[1]입고 예정'!$F:$F,모니터링!AD$6) -> 0 | AF66: =MAX(IFERROR(SUM((AA66-AC66)+AD66),0),0) -> 426.28623 | AG66: =IFERROR(AF66/AH66,0) -> 174.12905 | AH66: =IFERROR(VLOOKUP($D66,'[1]DNC 재고 현황'!$F:$V,15,0),0) -> 2.4481052 | AI66: =SUMIFS('[1]입고 예정'!$C:$C,'[1]입고 예정'!$A:$A,모니터링!D66,'[1]입고 예정'!$F:$F,모니터링!AI$6) -> 0 | AK66: =MAX(IFERROR(SUM((AF66-AH66)+AI66),0),0) -> 423.83813 | AL66: =IFERROR(AK66/AM66,0) -> 0 | AM66: =IFERROR(VLOOKUP($D66,'[1]DNC 재고 현황'!$F:$V,16,0),0) -> 0 | AN66: =SUMIFS('[1]입고 예정'!$C:$C,'[1]입고 예정'!$A:$A,모니터링!D66,'[1]입고 예정'!$F:$F,모니터링!AN$6) -> 0 | AP66: =MAX(IFERROR(SUM((AK66-AM66)+AN66),0),0) -> 423.83813 | AQ66: =IFERROR(AP66/AR66,0) -> 0 | AR66: =IFERROR(VLOOKUP($D66,'[1]DNC 재고 현황'!$F:$V,17,0),0) -> 0 | AS66: =SUMIFS('[1]입고 예정'!$C:$C,'[1]입고 예정'!$A:$A,모니터링!D66,'[1]입고 예정'!$F:$F,모니터링!AS$6) -> 0 | AU66: =MAX(IFERROR(AP66-AR66+AS66,0),0) -> 423.83813 | AV66: =IFERROR(AU66/#REF!,0) -> 0
D67: 9312358 | E67: =VLOOKUP($D67,'[1]SAP 코드내역'!$A:$D,4,0) -> [임가공]멜라_토닝앰플쿠션+토닝원데이앰플1ml_23호_카카오기획세트 | K67: =IFERROR(VLOOKUP($D67,'[1]DNC 재고 현황'!$F:$AI,29,0),0) -> 624 | L67: =IFERROR(VLOOKUP($D67,'[1]DNC 재고 현황'!$F:$AI,30,),0) -> 0 | M67: =K67+L67 -> 624 | N67: =VLOOKUP($D67,'[1]DNC 재고 현황'!$F:$X,19,0) -> 624 | O67: =IFERROR(IF($M67/$V67>1,100%,IF($M67/$V67<0,0%,$M67/$V67)),"계획없음") -> 1 | P67: =$Y67+$AD67+$AI67+$AN67+$AI67 -> 0 | Q67: =IFERROR(W67/$M$2,0) -> 1 | R67: =IFERROR(M67/$Q67,0) -> 624 | S67: =IFERROR(N67/$Q67,0) -> 624 | T67: =IFERROR(TODAY()+(M67/Q67),"") -> 46744 | U67: =IF(S67<=1,"🔴판매없음",IF(S67<=40,"🟡주의",IF(S67<=60,"🟢안전","✅충분"))) -> ✅충분 | V67: =IFERROR(SUMIF('[1](전체)FCST'!$D:$D,$D67,'[1](전체)FCST'!$H:$H),0) -> 19.48908 | W67: =IFERROR(VLOOKUP($D67,'[1]판매량,재고(피벗)'!$B:$C,2,0),0) -> 7 | X67: =IFERROR(W67/$M$2*$O$2,0) -> 22 | AA67: =MAX(SUM(N67-X67+Y67),0) -> 602 | AB67: =IFERROR(AA67/AC67,0) -> 43.24473 | AC67: =IFERROR(VLOOKUP($D67,'[1]DNC 재고 현황'!$F:$V,14,0),0) -> 13.920771 | AD67: =SUMIFS('[1]입고 예정'!$C:$C,'[1]입고 예정'!$A:$A,모니터링!D124,'[1]입고 예정'!$F:$F,모니터링!AD$6) -> 0 | AF67: =MAX(IFERROR(SUM((AA67-AC67)+AD67),0),0) -> 588.07923 | AG67: =IFERROR(AF67/AH67,0) -> 30.174807 | AH67: =IFERROR(VLOOKUP($D67,'[1]DNC 재고 현황'!$F:$V,15,0),0) -> 19.48908 | AI67: =SUMIFS('[1]입고 예정'!$C:$C,'[1]입고 예정'!$A:$A,모니터링!D124,'[1]입고 예정'!$F:$F,모니터링!AI$6) -> 0 | AK67: =MAX(IFERROR(SUM((AF67-AH67)+AI67),0),0) -> 568.59015 | AL67: =IFERROR(AK67/AM67,0) -> 5.6859015 | AM67: =IFERROR(VLOOKUP($D67,'[1]DNC 재고 현황'!$F:$V,16,0),0) -> 100 | AN67: =SUMIFS('[1]입고 예정'!$C:$C,'[1]입고 예정'!$A:$A,모니터링!D124,'[1]입고 예정'!$F:$F,모니터링!AN$6) -> 0 | AP67: =MAX(IFERROR(SUM((AK67-AM67)+AN67),0),0) -> 468.59015 | AQ67: =IFERROR(AP67/AR67,0) -> 4.6859015 | AR67: =IFERROR(VLOOKUP($D67,'[1]DNC 재고 현황'!$F:$V,17,0),0) -> 100 | AS67: =SUMIFS('[1]입고 예정'!$C:$C,'[1]입고 예정'!$A:$A,모니터링!D124,'[1]입고 예정'!$F:$F,모니터링!AS$6) -> 0 | AU67: =MAX(IFERROR(AP67-AR67+AS67,0),0) -> 368.59015 | AV67: =IFERROR(AU67/#REF!,0) -> 0
D68: 9313968 | E68: =VLOOKUP($D68,'[1]SAP 코드내역'!$A:$D,4,0) -> (단종)[세트]기미쿠션레드에디션(26년설)_19호페어 | K68: =IFERROR(VLOOKUP($D68,'[1]DNC 재고 현황'!$F:$AI,29,0),0) -> 489 | L68: =IFERROR(VLOOKUP($D68,'[1]DNC 재고 현황'!$F:$AI,30,),0) -> 0 | M68: =K68+L68 -> 489 | N68: =VLOOKUP($D68,'[1]DNC 재고 현황'!$F:$X,19,0) -> 489 | O68: =IFERROR(IF($M68/$V68>1,100%,IF($M68/$V68<0,0%,$M68/$V68)),"계획없음") -> 1 | P68: =$Y68+$AD68+$AI68+$AN68+$AI68 -> 0 | Q68: =IFERROR(W68/$M$2,0) -> 0.71428571 | R68: =IFERROR(M68/$Q68,0) -> 684.6 | S68: =IFERROR(N68/$Q68,0) -> 684.6 | T68: =IFERROR(TODAY()+(M68/Q68),"") -> 46804.6 | U68: =IF(S68<=1,"🔴판매없음",IF(S68<=40,"🟡주의",IF(S68<=60,"🟢안전","✅충분"))) -> ✅충분 | V68: =IFERROR(SUMIF('[1](전체)FCST'!$D:$D,$D68,'[1](전체)FCST'!$H:$H),0) -> 2.4481052 | W68: =IFERROR(VLOOKUP($D68,'[1]판매량,재고(피벗)'!$B:$C,2,0),0) -> 5 | X68: =IFERROR(W68/$M$2*$O$2,0) -> 15.714286 | AA68: =MAX(SUM(N68-X68+Y68),0) -> 473.28571 | AB68: =IFERROR(AA68/AC68,0) -> 194.92395 | AC68: =IFERROR(VLOOKUP($D68,'[1]DNC 재고 현황'!$F:$V,14,0),0) -> 2.4280532 | AD68: =SUMIFS('[1]입고 예정'!$C:$C,'[1]입고 예정'!$A:$A,모니터링!D68,'[1]입고 예정'!$F:$F,모니터링!AD$6) -> 0 | AF68: =MAX(IFERROR(SUM((AA68-AC68)+AD68),0),0) -> 470.85766 | AG68: =IFERROR(AF68/AH68,0) -> 192.33555 | AH68: =IFERROR(VLOOKUP($D68,'[1]DNC 재고 현황'!$F:$V,15,0),0) -> 2.4481052 | AI68: =SUMIFS('[1]입고 예정'!$C:$C,'[1]입고 예정'!$A:$A,모니터링!D68,'[1]입고 예정'!$F:$F,모니터링!AI$6) -> 0 | AK68: =MAX(IFERROR(SUM((AF68-AH68)+AI68),0),0) -> 468.40956 | AL68: =IFERROR(AK68/AM68,0) -> 0 | AM68: =IFERROR(VLOOKUP($D68,'[1]DNC 재고 현황'!$F:$V,16,0),0) -> 0 | AN68: =SUMIFS('[1]입고 예정'!$C:$C,'[1]입고 예정'!$A:$A,모니터링!D68,'[1]입고 예정'!$F:$F,모니터링!AN$6) -> 0 | AP68: =MAX(IFERROR(SUM((AK68-AM68)+AN68),0),0) -> 468.40956 | AQ68: =IFERROR(AP68/AR68,0) -> 0 | AR68: =IFERROR(VLOOKUP($D68,'[1]DNC 재고 현황'!$F:$V,17,0),0) -> 0 | AS68: =SUMIFS('[1]입고 예정'!$C:$C,'[1]입고 예정'!$A:$A,모니터링!D68,'[1]입고 예정'!$F:$F,모니터링!AS$6) -> 0 | AU68: =MAX(IFERROR(AP68-AR68+AS68,0),0) -> 468.40956 | AV68: =IFERROR(AU68/#REF!,0) -> 0
C69: 운영 | D69: 9400214 | E69: =VLOOKUP($D69,'[1]SAP 코드내역'!$A:$D,4,0) -> [세트_임가공]멜라 3스텝 기프트 세트_2026 | K69: =IFERROR(VLOOKUP($D69,'[1]DNC 재고 현황'!$F:$AI,29,0),0) -> 731 | L69: =IFERROR(VLOOKUP($D69,'[1]DNC 재고 현황'!$F:$AI,30,),0) -> 0 | M69: =K69+L69 -> 731 | N69: =VLOOKUP($D69,'[1]DNC 재고 현황'!$F:$X,19,0) -> 731 | O69: =IFERROR(IF($M69/$V69>1,100%,IF($M69/$V69<0,0%,$M69/$V69)),"계획없음") -> 1 | P69: =$Y69+$AD69+$AI69+$AN69+$AI69 -> 15000 | Q69: =IFERROR(W69/$M$2,0) -> 10 | R69: =IFERROR(M69/$Q69,0) -> 73.1 | S69: =IFERROR(N69/$Q69,0) -> 73.1 | T69: =IFERROR(TODAY()+(M69/Q69),"") -> 46193.1 | U69: =IF(S69<=1,"🔴판매없음",IF(S69<=40,"🟡주의",IF(S69<=60,"🟢안전","✅충분"))) -> ✅충분 | V69: =IFERROR(SUMIF('[1](전체)FCST'!$D:$D,$D69,'[1](전체)FCST'!$H:$H),0) -> 242.0506 | W69: =IFERROR(VLOOKUP($D69,'[1]판매량,재고(피벗)'!$B:$C,2,0),0) -> 70 | X69: =IFERROR(W69/$M$2*$O$2,0) -> 220 | AA69: =MAX(SUM(N69-X69+Y69),0) -> 511 | AB69: =IFERROR(AA69/AC69,0) -> 1.3731639 | AC69: =IFERROR(VLOOKUP($D69,'[1]DNC 재고 현황'!$F:$V,14,0),0) -> 372.1333 | AD69: =SUMIFS('[1]입고 예정'!$C:$C,'[1]입고 예정'!$A:$A,모니터링!D30,'[1]입고 예정'!$F:$F,모니터링!AD$6) -> 5000 | AF69: =MAX(IFERROR(SUM((AA69-AC69)+AD69),0),0) -> 5138.8667 | AG69: =IFERROR(AF69/AH69,0) -> 21.230548 | AH69: =IFERROR(VLOOKUP($D69,'[1]DNC 재고 현황'!$F:$V,15,0),0) -> 242.0506 | AI69: =SUMIFS('[1]입고 예정'!$C:$C,'[1]입고 예정'!$A:$A,모니터링!D30,'[1]입고 예정'!$F:$F,모니터링!AI$6) -> 5000 | AK69: =MAX(IFERROR(SUM((AF69-AH69)+AI69),0),0) -> 9896.8161 | AL69: =IFERROR(AK69/AM69,0) -> 32.349439 | AM69: =IFERROR(VLOOKUP($D69,'[1]DNC 재고 현황'!$F:$V,16,0),0) -> 305.93471 | AN69: =SUMIFS('[1]입고 예정'!$C:$C,'[1]입고 예정'!$A:$A,모니터링!D30,'[1]입고 예정'!$F:$F,모니터링!AN$6) -> 0 | AP69: =MAX(IFERROR(SUM((AK69-AM69)+AN69),0),0) -> 9590.8814 | AQ69: =IFERROR(AP69/AR69,0) -> 31.349439 | AR69: =IFERROR(VLOOKUP($D69,'[1]DNC 재고 현황'!$F:$V,17,0),0) -> 305.93471 | AS69: =SUMIFS('[1]입고 예정'!$C:$C,'[1]입고 예정'!$A:$A,모니터링!D30,'[1]입고 예정'!$F:$F,모니터링!AS$6) -> 0 | AU69: =MAX(IFERROR(AP69-AR69+AS69,0),0) -> 9284.9467 | AV69: =IFERROR(AU69/#REF!,0) -> 0
A70: - | B70: 제품 | C70: 운영 | D70: 9306573 | E70: =VLOOKUP($D70,'[1]SAP 코드내역'!$A:$D,4,0) -> (단종)DWEGF_화이트토닝크림_50ml_2023v | F70: 코스맥스(주) | I70: 2048.1988 | J70: 5970.6034 | K70: =IFERROR(VLOOKUP($D70,'[1]DNC 재고 현황'!$F:$AI,29,0),0) -> 0 | L70: =IFERROR(VLOOKUP($D70,'[1]DNC 재고 현황'!$F:$AI,30,),0) -> 11665 | M70: =K70+L70 -> 11665 | N70: =VLOOKUP($D70,'[1]DNC 재고 현황'!$F:$X,19,0) -> 11856 | O70: =IFERROR(IF($M70/$V70>1,100%,IF($M70/$V70<0,0%,$M70/$V70)),"계획없음") -> 1 | P70: =$Y70+$AD70+$AI70+$AN70+$AI70 -> 0 | Q70: =IFERROR(W70/$M$2,0) -> 10.714286 | R70: =IFERROR(M70/$Q70,0) -> 1088.7333 | S70: =IFERROR(N70/$Q70,0) -> 1106.56 | T70: =IFERROR(TODAY()+(M70/Q70),"") -> 47208.733 | U70: =IF(S70<=1,"🔴판매없음",IF(S70<=40,"🟡주의",IF(S70<=60,"🟢안전","✅충분"))) -> ✅충분 | V70: =IFERROR(SUMIF('[1](전체)FCST'!$D:$D,$D70,'[1](전체)FCST'!$H:$H),0) -> 20.284526 | W70: =IFERROR(VLOOKUP($D70,'[1]판매량,재고(피벗)'!$B:$C,2,0),0) -> 75 | X70: =IFERROR(W70/$M$2*$O$2,0) -> 235.71429 | AA70: =MAX(SUM(N70-X70+Y70),0) -> 11620.286 | AB70: =IFERROR(AA70/AC70,0) -> 575.14762 | AC70: =IFERROR(VLOOKUP($D70,'[1]DNC 재고 현황'!$F:$V,14,0),0) -> 20.204006 | AD70: =SUMIFS('[1]입고 예정'!$C:$C,'[1]입고 예정'!$A:$A,모니터링!D70,'[1]입고 예정'!$F:$F,모니터링!AD$6) -> 0 | AF70: =MAX(IFERROR(SUM((AA70-AC70)+AD70),0),0) -> 11600.082 | AG70: =IFERROR(AF70/AH70,0) -> 571.86851 | AH70: =IFERROR(VLOOKUP($D70,'[1]DNC 재고 현황'!$F:$V,15,0),0) -> 20.284526 | AI70: =SUMIFS('[1]입고 예정'!$C:$C,'[1]입고 예정'!$A:$A,모니터링!D70,'[1]입고 예정'!$F:$F,모니터링!AI$6) -> 0 | AK70: =MAX(IFERROR(SUM((AF70-AH70)+AI70),0),0) -> 11579.797 | AL70: =IFERROR(AK70/AM70,0) -> 28.949493 | AM70: =IFERROR(VLOOKUP($D70,'[1]DNC 재고 현황'!$F:$V,16,0),0) -> 400 | AN70: =SUMIFS('[1]입고 예정'!$C:$C,'[1]입고 예정'!$A:$A,모니터링!D70,'[1]입고 예정'!$F:$F,모니터링!AN$6) -> 0 | AP70: =MAX(IFERROR(SUM((AK70-AM70)+AN70),0),0) -> 11179.797 | AQ70: =IFERROR(AP70/AR70,0) -> 27.949493 | AR70: =IFERROR(VLOOKUP($D70,'[1]DNC 재고 현황'!$F:$V,17,0),0) -> 400 | AS70: =SUMIFS('[1]입고 예정'!$C:$C,'[1]입고 예정'!$A:$A,모니터링!D70,'[1]입고 예정'!$F:$F,모니터링!AS$6) -> 0 | AU70: =MAX(IFERROR(AP70-AR70+AS70,0),0) -> 10779.797 | AV70: =IFERROR(AU70/#REF!,0) -> 0
A71: - | B71: 제품 | C71: 운영 | D71: 9307903 | E71: =VLOOKUP($D71,'[1]SAP 코드내역'!$A:$D,4,0) -> 클리어_B3+B5세럼_29ml | F71: 코스맥스(주) | I71: 3036.913 | J71: 21176.367 | K71: =IFERROR(VLOOKUP($D71,'[1]DNC 재고 현황'!$F:$AI,29,0),0) -> 4795 | L71: =IFERROR(VLOOKUP($D71,'[1]DNC 재고 현황'!$F:$AI,30,),0) -> 0 | M71: =K71+L71 -> 4795 | N71: =VLOOKUP($D71,'[1]DNC 재고 현황'!$F:$X,19,0) -> 5076 | O71: =IFERROR(IF($M71/$V71>1,100%,IF($M71/$V71<0,0%,$M71/$V71)),"계획없음") -> 1 | P71: =$Y71+$AD71+$AI71+$AN71+$AI71 -> 0 | Q71: =IFERROR(W71/$M$2,0) -> 26.857143 | R71: =IFERROR(M71/$Q71,0) -> 178.53723 | S71: =IFERROR(N71/$Q71,0) -> 189 | T71: =IFERROR(TODAY()+(M71/Q71),"") -> 46298.537 | U71: =IF(S71<=1,"🔴판매없음",IF(S71<=40,"🟡주의",IF(S71<=60,"🟢안전","✅충분"))) -> ✅충분 | V71: =IFERROR(SUMIF('[1](전체)FCST'!$D:$D,$D71,'[1](전체)FCST'!$H:$H),0) -> 67.968506 | W71: =IFERROR(VLOOKUP($D71,'[1]판매량,재고(피벗)'!$B:$C,2,0),0) -> 188 | X71: =IFERROR(W71/$M$2*$O$2,0) -> 590.85714 | AA71: =MAX(SUM(N71-X71+Y71),0) -> 4485.1429 | AB71: =IFERROR(AA71/AC71,0) -> 6.6392135 | AC71: =IFERROR(VLOOKUP($D71,'[1]DNC 재고 현황'!$F:$V,14,0),0) -> 675.55334 | AD71: =SUMIFS('[1]입고 예정'!$C:$C,'[1]입고 예정'!$A:$A,모니터링!D71,'[1]입고 예정'!$F:$F,모니터링!AD$6) -> 0 | AF71: =MAX(IFERROR(SUM((AA71-AC71)+AD71),0),0) -> 3809.5895 | AG71: =IFERROR(AF71/AH71,0) -> 56.049334 | AH71: =IFERROR(VLOOKUP($D71,'[1]DNC 재고 현황'!$F:$V,15,0),0) -> 67.968506 | AI71: =SUMIFS('[1]입고 예정'!$C:$C,'[1]입고 예정'!$A:$A,모니터링!D71,'[1]입고 예정'!$F:$F,모니터링!AI$6) -> 0 | AK71: =MAX(IFERROR(SUM((AF71-AH71)+AI71),0),0) -> 3741.621 | AL71: =IFERROR(AK71/AM71,0) -> 51.180387 | AM71: =IFERROR(VLOOKUP($D71,'[1]DNC 재고 현황'!$F:$V,16,0),0) -> 73.10654 | AN71: =SUMIFS('[1]입고 예정'!$C:$C,'[1]입고 예정'!$A:$A,모니터링!D71,'[1]입고 예정'!$F:$F,모니터링!AN$6) -> 0 | AP71: =MAX(IFERROR(SUM((AK71-AM71)+AN71),0),0) -> 3668.5145 | AQ71: =IFERROR(AP71/AR71,0) -> 50.232079 | AR71: =IFERROR(VLOOKUP($D71,'[1]DNC 재고 현황'!$F:$V,17,0),0) -> 73.031308 | AS71: =SUMIFS('[1]입고 예정'!$C:$C,'[1]입고 예정'!$A:$A,모니터링!D71,'[1]입고 예정'!$F:$F,모니터링!AS$6) -> 0 | AU71: =MAX(IFERROR(AP71-AR71+AS71,0),0) -> 3595.4832 | AV71: =IFERROR(AU71/#REF!,0) -> 0
A72: - | B72: 제품 | C72: 소진후 단종 | D72: 9305555 | E72: =VLOOKUP($D72,'[1]SAP 코드내역'!$A:$D,4,0) -> (단종)멜라_토닝크림_105ml | F72: 코스맥스(주) | I72: 4236.0847 | J72: 14775.516 | K72: =IFERROR(VLOOKUP($D72,'[1]DNC 재고 현황'!$F:$AI,29,0),0) -> 4663 | L72: =IFERROR(VLOOKUP($D72,'[1]DNC 재고 현황'!$F:$AI,30,),0) -> 4063 | M72: =K72+L72 -> 8726 | N72: =VLOOKUP($D72,'[1]DNC 재고 현황'!$F:$X,19,0) -> 9248 | O72: =IFERROR(IF($M72/$V72>1,100%,IF($M72/$V72<0,0%,$M72/$V72)),"계획없음") -> 1 | P72: =$Y72+$AD72+$AI72+$AN72+$AI72 -> 0 | Q72: =IFERROR(W72/$M$2,0) -> 21.857143 | R72: =IFERROR(M72/$Q72,0) -> 399.22876 | S72: =IFERROR(N72/$Q72,0) -> 423.11111 | T72: =IFERROR(TODAY()+(M72/Q72),"") -> 46519.229 | U72: =IF(S72<=1,"🔴판매없음",IF(S72<=40,"🟡주의",IF(S72<=60,"🟢안전","✅충분"))) -> ✅충분 | V72: =IFERROR(SUMIF('[1](전체)FCST'!$D:$D,$D72,'[1](전체)FCST'!$H:$H),0) -> 699.34961 | W72: =IFERROR(VLOOKUP($D72,'[1]판매량,재고(피벗)'!$B:$C,2,0),0) -> 153 | X72: =IFERROR(W72/$M$2*$O$2,0) -> 480.85714 | AA72: =MAX(SUM(N72-X72+Y72),0) -> 8767.1429 | AB72: =IFERROR(AA72/AC72,0) -> 1.0464819 | AC72: =IFERROR(VLOOKUP($D72,'[1]DNC 재고 현황'!$F:$V,14,0),0) -> 8377.7302 | AD72: =SUMIFS('[1]입고 예정'!$C:$C,'[1]입고 예정'!$A:$A,모니터링!D105,'[1]입고 예정'!$F:$F,모니터링!AD$6) -> 0 | AF72: =MAX(IFERROR(SUM((AA72-AC72)+AD72),0),0) -> 389.41261 | AG72: =IFERROR(AF72/AH72,0) -> 0.55682109 | AH72: =IFERROR(VLOOKUP($D72,'[1]DNC 재고 현황'!$F:$V,15,0),0) -> 699.34961 | AI72: =SUMIFS('[1]입고 예정'!$C:$C,'[1]입고 예정'!$A:$A,모니터링!D105,'[1]입고 예정'!$F:$F,모니터링!AI$6) -> 0 | AK72: =MAX(IFERROR(SUM((AF72-AH72)+AI72),0),0) -> 0 | AL72: =IFERROR(AK72/AM72,0) -> 0 | AM72: =IFERROR(VLOOKUP($D72,'[1]DNC 재고 현황'!$F:$V,16,0),0) -> 796.96268 | AN72: =SUMIFS('[1]입고 예정'!$C:$C,'[1]입고 예정'!$A:$A,모니터링!D105,'[1]입고 예정'!$F:$F,모니터링!AN$6) -> 0 | AP72: =MAX(IFERROR(SUM((AK72-AM72)+AN72),0),0) -> 0 | AQ72: =IFERROR(AP72/AR72,0) -> 0 | AR72: =IFERROR(VLOOKUP($D72,'[1]DNC 재고 현황'!$F:$V,17,0),0) -> 849.34961 | AS72: =SUMIFS('[1]입고 예정'!$C:$C,'[1]입고 예정'!$A:$A,모니터링!D105,'[1]입고 예정'!$F:$F,모니터링!AS$6) -> 0 | AU72: =MAX(IFERROR(AP72-AR72+AS72,0),0) -> 0 | AV72: =IFERROR(AU72/#REF!,0) -> 0
D73: 9312357 | E73: =VLOOKUP($D73,'[1]SAP 코드내역'!$A:$D,4,0) -> [임가공]멜라_토닝앰플쿠션+토닝원데이앰플1ml_21호_카카오기획세트 | K73: =IFERROR(VLOOKUP($D73,'[1]DNC 재고 현황'!$F:$AI,29,0),0) -> 410 | L73: =IFERROR(VLOOKUP($D73,'[1]DNC 재고 현황'!$F:$AI,30,),0) -> 0 | M73: =K73+L73 -> 410 | N73: =VLOOKUP($D73,'[1]DNC 재고 현황'!$F:$X,19,0) -> 410 | O73: =IFERROR(IF($M73/$V73>1,100%,IF($M73/$V73<0,0%,$M73/$V73)),"계획없음") -> 1 | P73: =$Y73+$AD73+$AI73+$AN73+$AI73 -> 0 | Q73: =IFERROR(W73/$M$2,0) -> 0.85714286 | R73: =IFERROR(M73/$Q73,0) -> 478.33333 | S73: =IFERROR(N73/$Q73,0) -> 478.33333 | T73: =IFERROR(TODAY()+(M73/Q73),"") -> 46598.333 | U73: =IF(S73<=1,"🔴판매없음",IF(S73<=40,"🟡주의",IF(S73<=60,"🟢안전","✅충분"))) -> ✅충분 | V73: =IFERROR(SUMIF('[1](전체)FCST'!$D:$D,$D73,'[1](전체)FCST'!$H:$H),0) -> 41.524743 | W73: =IFERROR(VLOOKUP($D73,'[1]판매량,재고(피벗)'!$B:$C,2,0),0) -> 6 | X73: =IFERROR(W73/$M$2*$O$2,0) -> 18.857143 | AA73: =MAX(SUM(N73-X73+Y73),0) -> 391.14286 | AB73: =IFERROR(AA73/AC73,0) -> 14.12927 | AC73: =IFERROR(VLOOKUP($D73,'[1]DNC 재고 현황'!$F:$V,14,0),0) -> 27.683162 | AD73: =SUMIFS('[1]입고 예정'!$C:$C,'[1]입고 예정'!$A:$A,모니터링!D134,'[1]입고 예정'!$F:$F,모니터링!AD$6) -> 0 | AF73: =MAX(IFERROR(SUM((AA73-AC73)+AD73),0),0) -> 363.4597 | AG73: =IFERROR(AF73/AH73,0) -> 8.7528464 | AH73: =IFERROR(VLOOKUP($D73,'[1]DNC 재고 현황'!$F:$V,15,0),0) -> 41.524743 | AI73: =SUMIFS('[1]입고 예정'!$C:$C,'[1]입고 예정'!$A:$A,모니터링!D134,'[1]입고 예정'!$F:$F,모니터링!AI$6) -> 0 | AK73: =MAX(IFERROR(SUM((AF73-AH73)+AI73),0),0) -> 321.93495 | AL73: =IFERROR(AK73/AM73,0) -> 3.2193495 | AM73: =IFERROR(VLOOKUP($D73,'[1]DNC 재고 현황'!$F:$V,16,0),0) -> 100 | AN73: =SUMIFS('[1]입고 예정'!$C:$C,'[1]입고 예정'!$A:$A,모니터링!D134,'[1]입고 예정'!$F:$F,모니터링!AN$6) -> 0 | AP73: =MAX(IFERROR(SUM((AK73-AM73)+AN73),0),0) -> 221.93495 | AQ73: =IFERROR(AP73/AR73,0) -> 2.2193495 | AR73: =IFERROR(VLOOKUP($D73,'[1]DNC 재고 현황'!$F:$V,17,0),0) -> 100 | AS73: =SUMIFS('[1]입고 예정'!$C:$C,'[1]입고 예정'!$A:$A,모니터링!D134,'[1]입고 예정'!$F:$F,모니터링!AS$6) -> 0 | AU73: =MAX(IFERROR(AP73-AR73+AS73,0),0) -> 121.93495 | AV73: =IFERROR(AU73/#REF!,0) -> 0
A74: - | B74: 제품 | C74: 운영 | D74: 9313025 | E74: =VLOOKUP($D74,'[1]SAP 코드내역'!$A:$D,4,0) -> 멜라_글로우매트커버팩트_19호페어_본품_19g | H74: 신제품 | I74: 4930.239 | J74: 26569.844 | K74: =IFERROR(VLOOKUP($D74,'[1]DNC 재고 현황'!$F:$AI,29,0),0) -> 0 | L74: =IFERROR(VLOOKUP($D74,'[1]DNC 재고 현황'!$F:$AI,30,),0) -> 0 | M74: =K74+L74 -> 0 | N74: =VLOOKUP($D74,'[1]DNC 재고 현황'!$F:$X,19,0) -> 0 | O74: =IFERROR(IF($M74/$V74>1,100%,IF($M74/$V74<0,0%,$M74/$V74)),"계획없음") -> 0 | P74: =$Y74+$AD74+$AI74+$AN74+$AI74 -> 0 | Q74: =IFERROR(W74/$M$2,0) -> -0.28571429 | R74: =IFERROR(M74/$Q74,0) -> 0 | S74: =IFERROR(N74/$Q74,0) -> 0 | T74: =IFERROR(TODAY()+(M74/Q74),"") -> 46120 | U74: =IF(S74<=1,"🔴판매없음",IF(S74<=40,"🟡주의",IF(S74<=60,"🟢안전","✅충분"))) -> 🔴판매없음 | V74: =IFERROR(SUMIF('[1](전체)FCST'!$D:$D,$D74,'[1](전체)FCST'!$H:$H),0) -> 1181.5179 | W74: =IFERROR(VLOOKUP($D74,'[1]판매량,재고(피벗)'!$B:$C,2,0),0) -> -2 | X74: =IFERROR(W74/$M$2*$O$2,0) -> -6.2857143 | AA74: =MAX(SUM(N74-X74+Y74),0) -> 6.2857143 | AB74: =IFERROR(AA74/AC74,0) -> 0.010365754 | AC74: =IFERROR(VLOOKUP($D74,'[1]DNC 재고 현황'!$F:$V,14,0),0) -> 606.39238 | AD74: =SUMIFS('[1]입고 예정'!$C:$C,'[1]입고 예정'!$A:$A,모니터링!D117,'[1]입고 예정'!$F:$F,모니터링!AD$6) -> 0 | AF74: =MAX(IFERROR(SUM((AA74-AC74)+AD74),0),0) -> 0 | AG74: =IFERROR(AF74/AH74,0) -> 0 | AH74: =IFERROR(VLOOKUP($D74,'[1]DNC 재고 현황'!$F:$V,15,0),0) -> 1181.5179 | AI74: =SUMIFS('[1]입고 예정'!$C:$C,'[1]입고 예정'!$A:$A,모니터링!D117,'[1]입고 예정'!$F:$F,모니터링!AI$6) -> 0 | AK74: =MAX(IFERROR(SUM((AF74-AH74)+AI74),0),0) -> 0 | AL74: =IFERROR(AK74/AM74,0) -> 0 | AM74: =IFERROR(VLOOKUP($D74,'[1]DNC 재고 현황'!$F:$V,16,0),0) -> 923.06084 | AN74: =SUMIFS('[1]입고 예정'!$C:$C,'[1]입고 예정'!$A:$A,모니터링!D117,'[1]입고 예정'!$F:$F,모니터링!AN$6) -> 0 | AP74: =MAX(IFERROR(SUM((AK74-AM74)+AN74),0),0) -> 0 | AQ74: =IFERROR(AP74/AR74,0) -> 0 | AR74: =IFERROR(VLOOKUP($D74,'[1]DNC 재고 현황'!$F:$V,17,0),0) -> 594.45118 | AS74: =SUMIFS('[1]입고 예정'!$C:$C,'[1]입고 예정'!$A:$A,모니터링!D117,'[1]입고 예정'!$F:$F,모니터링!AS$6) -> 0 | AU74: =MAX(IFERROR(AP74-AR74+AS74,0),0) -> 0 | AV74: =IFERROR(AU74/#REF!,0) -> 0
D75: 9313969 | E75: =VLOOKUP($D75,'[1]SAP 코드내역'!$A:$D,4,0) -> (단종)[세트]기미쿠션레드에디션(26년설)_21호내추럴 | K75: =IFERROR(VLOOKUP($D75,'[1]DNC 재고 현황'!$F:$AI,29,0),0) -> 1191 | L75: =IFERROR(VLOOKUP($D75,'[1]DNC 재고 현황'!$F:$AI,30,),0) -> 0 | M75: =K75+L75 -> 1191 | N75: =VLOOKUP($D75,'[1]DNC 재고 현황'!$F:$X,19,0) -> 1191 | O75: =IFERROR(IF($M75/$V75>1,100%,IF($M75/$V75<0,0%,$M75/$V75)),"계획없음") -> 1 | P75: =$Y75+$AD75+$AI75+$AN75+$AI75 -> 0 | Q75: =IFERROR(W75/$M$2,0) -> 3.4285714 | R75: =IFERROR(M75/$Q75,0) -> 347.375 | S75: =IFERROR(N75/$Q75,0) -> 347.375 | T75: =IFERROR(TODAY()+(M75/Q75),"") -> 46467.375 | U75: =IF(S75<=1,"🔴판매없음",IF(S75<=40,"🟡주의",IF(S75<=60,"🟢안전","✅충분"))) -> ✅충분 | V75: =IFERROR(SUMIF('[1](전체)FCST'!$D:$D,$D75,'[1](전체)FCST'!$H:$H),0) -> 122.40526 | W75: =IFERROR(VLOOKUP($D75,'[1]판매량,재고(피벗)'!$B:$C,2,0),0) -> 24 | X75: =IFERROR(W75/$M$2*$O$2,0) -> 75.428571 | AA75: =MAX(SUM(N75-X75+Y75),0) -> 1115.5714 | AB75: =IFERROR(AA75/AC75,0) -> 9.1890196 | AC75: =IFERROR(VLOOKUP($D75,'[1]DNC 재고 현황'!$F:$V,14,0),0) -> 121.40266 | AD75: =SUMIFS('[1]입고 예정'!$C:$C,'[1]입고 예정'!$A:$A,모니터링!D75,'[1]입고 예정'!$F:$F,모니터링!AD$6) -> 0 | AF75: =MAX(IFERROR(SUM((AA75-AC75)+AD75),0),0) -> 994.16877 | AG75: =IFERROR(AF75/AH75,0) -> 8.1219448 | AH75: =IFERROR(VLOOKUP($D75,'[1]DNC 재고 현황'!$F:$V,15,0),0) -> 122.40526 | AI75: =SUMIFS('[1]입고 예정'!$C:$C,'[1]입고 예정'!$A:$A,모니터링!D75,'[1]입고 예정'!$F:$F,모니터링!AI$6) -> 0 | AK75: =MAX(IFERROR(SUM((AF75-AH75)+AI75),0),0) -> 871.76351 | AL75: =IFERROR(AK75/AM75,0) -> 0 | AM75: =IFERROR(VLOOKUP($D75,'[1]DNC 재고 현황'!$F:$V,16,0),0) -> 0 | AN75: =SUMIFS('[1]입고 예정'!$C:$C,'[1]입고 예정'!$A:$A,모니터링!D75,'[1]입고 예정'!$F:$F,모니터링!AN$6) -> 0 | AP75: =MAX(IFERROR(SUM((AK75-AM75)+AN75),0),0) -> 871.76351 | AQ75: =IFERROR(AP75/AR75,0) -> 0 | AR75: =IFERROR(VLOOKUP($D75,'[1]DNC 재고 현황'!$F:$V,17,0),0) -> 0 | AS75: =SUMIFS('[1]입고 예정'!$C:$C,'[1]입고 예정'!$A:$A,모니터링!D75,'[1]입고 예정'!$F:$F,모니터링!AS$6) -> 0 | AU75: =MAX(IFERROR(AP75-AR75+AS75,0),0) -> 871.76351 | AV75: =IFERROR(AU75/#REF!,0) -> 0
A76: - | B76: 제품 | C76: 운영 | D76: 9312352 | E76: =VLOOKUP($D76,'[1]SAP 코드내역'!$A:$D,4,0) -> (단종)멜라_토닝원데이앰플_세븐데이즈스페셜세트_(1ml*7ea) | H76: 신제품 | I76: 6058.6048 | J76: 25397.741 | K76: =IFERROR(VLOOKUP($D76,'[1]DNC 재고 현황'!$F:$AI,29,0),0) -> 7269 | L76: =IFERROR(VLOOKUP($D76,'[1]DNC 재고 현황'!$F:$AI,30,),0) -> 0 | M76: =K76+L76 -> 7269 | N76: =VLOOKUP($D76,'[1]DNC 재고 현황'!$F:$X,19,0) -> 7269 | O76: =IFERROR(IF($M76/$V76>1,100%,IF($M76/$V76<0,0%,$M76/$V76)),"계획없음") -> 1 | P76: =$Y76+$AD76+$AI76+$AN76+$AI76 -> 0 | Q76: =IFERROR(W76/$M$2,0) -> 0 | R76: =IFERROR(M76/$Q76,0) -> 0 | S76: =IFERROR(N76/$Q76,0) -> 0 | T76: =IFERROR(TODAY()+(M76/Q76),"") | U76: =IF(S76<=1,"🔴판매없음",IF(S76<=40,"🟡주의",IF(S76<=60,"🟢안전","✅충분"))) -> 🔴판매없음 | V76: =IFERROR(SUMIF('[1](전체)FCST'!$D:$D,$D76,'[1](전체)FCST'!$H:$H),0) -> 2.0622295 | W76: =IFERROR(VLOOKUP($D76,'[1]판매량,재고(피벗)'!$B:$C,2,0),0) -> 0 | X76: =IFERROR(W76/$M$2*$O$2,0) -> 0 | AA76: =MAX(SUM(N76-X76+Y76),0) -> 7269 | AB76: =IFERROR(AA76/AC76,0) -> 3524.826 | AC76: =IFERROR(VLOOKUP($D76,'[1]DNC 재고 현황'!$F:$V,14,0),0) -> 2.0622295 | AD76: =SUMIFS('[1]입고 예정'!$C:$C,'[1]입고 예정'!$A:$A,모니터링!D76,'[1]입고 예정'!$F:$F,모니터링!AD$6) -> 0 | AF76: =MAX(IFERROR(SUM((AA76-AC76)+AD76),0),0) -> 7266.9378 | AG76: =IFERROR(AF76/AH76,0) -> 3523.826 | AH76: =IFERROR(VLOOKUP($D76,'[1]DNC 재고 현황'!$F:$V,15,0),0) -> 2.0622295 | AI76: =SUMIFS('[1]입고 예정'!$C:$C,'[1]입고 예정'!$A:$A,모니터링!D76,'[1]입고 예정'!$F:$F,모니터링!AI$6) -> 0 | AK76: =MAX(IFERROR(SUM((AF76-AH76)+AI76),0),0) -> 7264.8755 | AL76: =IFERROR(AK76/AM76,0) -> 0 | AM76: =IFERROR(VLOOKUP($D76,'[1]DNC 재고 현황'!$F:$V,16,0),0) -> 0 | AN76: =SUMIFS('[1]입고 예정'!$C:$C,'[1]입고 예정'!$A:$A,모니터링!D76,'[1]입고 예정'!$F:$F,모니터링!AN$6) -> 0 | AP76: =MAX(IFERROR(SUM((AK76-AM76)+AN76),0),0) -> 7264.8755 | AQ76: =IFERROR(AP76/AR76,0) -> 0 | AR76: =IFERROR(VLOOKUP($D76,'[1]DNC 재고 현황'!$F:$V,17,0),0) -> 0 | AS76: =SUMIFS('[1]입고 예정'!$C:$C,'[1]입고 예정'!$A:$A,모니터링!D76,'[1]입고 예정'!$F:$F,모니터링!AS$6) -> 0 | AU76: =MAX(IFERROR(AP76-AR76+AS76,0),0) -> 7264.8755 | AV76: =IFERROR(AU76/#REF!,0) -> 0
A77: - | B77: 제품 | C77: 소진후 단종 | D77: 9305535 | E77: =VLOOKUP($D77,'[1]SAP 코드내역'!$A:$D,4,0) -> (단종)[임가공]멜라_원데이앰플_1ml(단품) | F77: 0 | I77: 936.48833 | J77: 13260.426 | K77: =IFERROR(VLOOKUP($D77,'[1]DNC 재고 현황'!$F:$AI,29,0),0) -> 9379 | L77: =IFERROR(VLOOKUP($D77,'[1]DNC 재고 현황'!$F:$AI,30,),0) -> 0 | M77: =K77+L77 -> 9379 | N77: =VLOOKUP($D77,'[1]DNC 재고 현황'!$F:$X,19,0) -> 9380 | O77: =IFERROR(IF($M77/$V77>1,100%,IF($M77/$V77<0,0%,$M77/$V77)),"계획없음") -> 계획없음 | P77: =$Y77+$AD77+$AI77+$AN77+$AI77 -> 0 | Q77: =IFERROR(W77/$M$2,0) -> 3.8571429 | R77: =IFERROR(M77/$Q77,0) -> 2431.5926 | S77: =IFERROR(N77/$Q77,0) -> 2431.8519 | T77: =IFERROR(TODAY()+(M77/Q77),"") -> 48551.593 | U77: =IF(S77<=1,"🔴판매없음",IF(S77<=40,"🟡주의",IF(S77<=60,"🟢안전","✅충분"))) -> ✅충분 | V77: =IFERROR(SUMIF('[1](전체)FCST'!$D:$D,$D77,'[1](전체)FCST'!$H:$H),0) -> 0 | W77: =IFERROR(VLOOKUP($D77,'[1]판매량,재고(피벗)'!$B:$C,2,0),0) -> 27 | X77: =IFERROR(W77/$M$2*$O$2,0) -> 84.857143 | AA77: =MAX(SUM(N77-X77+Y77),0) -> 9295.1429 | AB77: =IFERROR(AA77/AC77,0) -> 1699.8069 | AC77: =IFERROR(VLOOKUP($D77,'[1]DNC 재고 현황'!$F:$V,14,0),0) -> 5.4683523 | AD77: =SUMIFS('[1]입고 예정'!$C:$C,'[1]입고 예정'!$A:$A,모니터링!D77,'[1]입고 예정'!$F:$F,모니터링!AD$6) -> 0 | AF77: =MAX(IFERROR(SUM((AA77-AC77)+AD77),0),0) -> 9289.6745 | AG77: =IFERROR(AF77/AH77,0) -> 0 | AH77: =IFERROR(VLOOKUP($D77,'[1]DNC 재고 현황'!$F:$V,15,0),0) -> 0 | AI77: =SUMIFS('[1]입고 예정'!$C:$C,'[1]입고 예정'!$A:$A,모니터링!D77,'[1]입고 예정'!$F:$F,모니터링!AI$6) -> 0 | AK77: =MAX(IFERROR(SUM((AF77-AH77)+AI77),0),0) -> 9289.6745 | AL77: =IFERROR(AK77/AM77,0) -> 0 | AM77: =IFERROR(VLOOKUP($D77,'[1]DNC 재고 현황'!$F:$V,16,0),0) -> 0 | AN77: =SUMIFS('[1]입고 예정'!$C:$C,'[1]입고 예정'!$A:$A,모니터링!D77,'[1]입고 예정'!$F:$F,모니터링!AN$6) -> 0 | AP77: =MAX(IFERROR(SUM((AK77-AM77)+AN77),0),0) -> 9289.6745 | AQ77: =IFERROR(AP77/AR77,0) -> 0 | AR77: =IFERROR(VLOOKUP($D77,'[1]DNC 재고 현황'!$F:$V,17,0),0) -> 0 | AS77: =SUMIFS('[1]입고 예정'!$C:$C,'[1]입고 예정'!$A:$A,모니터링!D77,'[1]입고 예정'!$F:$F,모니터링!AS$6) -> 0 | AU77: =MAX(IFERROR(AP77-AR77+AS77,0),0) -> 9289.6745 | AV77: =IFERROR(AU77/#REF!,0) -> 0
B78: 제품 | C78: 운영 | D78: 9308764 | E78: =VLOOKUP($D78,'[1]SAP 코드내역'!$A:$D,4,0) -> (단종)멜라B_토닝원데이앰플세트_12ml+0.7ml | I78: 4292.2152 | J78: 9208.5657 | K78: =IFERROR(VLOOKUP($D78,'[1]DNC 재고 현황'!$F:$AI,29,0),0) -> 139 | L78: =IFERROR(VLOOKUP($D78,'[1]DNC 재고 현황'!$F:$AI,30,),0) -> 0 | M78: =K78+L78 -> 139 | N78: =VLOOKUP($D78,'[1]DNC 재고 현황'!$F:$X,19,0) -> 139 | O78: =IFERROR(IF($M78/$V78>1,100%,IF($M78/$V78<0,0%,$M78/$V78)),"계획없음") -> 0.9698496 | P78: =$Y78+$AD78+$AI78+$AN78+$AI78 -> 0 | Q78: =IFERROR(W78/$M$2,0) -> 0 | R78: =IFERROR(M78/$Q78,0) -> 0 | S78: =IFERROR(N78/$Q78,0) -> 0 | T78: =IFERROR(TODAY()+(M78/Q78),"") | U78: =IF(S78<=1,"🔴판매없음",IF(S78<=40,"🟡주의",IF(S78<=60,"🟢안전","✅충분"))) -> 🔴판매없음 | V78: =IFERROR(SUMIF('[1](전체)FCST'!$D:$D,$D78,'[1](전체)FCST'!$H:$H),0) -> 143.32119 | W78: =IFERROR(VLOOKUP($D78,'[1]판매량,재고(피벗)'!$B:$C,2,0),0) -> 0 | X78: =IFERROR(W78/$M$2*$O$2,0) -> 0 | AA78: =MAX(SUM(N78-X78+Y78),0) -> 139 | AB78: =IFERROR(AA78/AC78,0) -> 0.46649562 | AC78: =IFERROR(VLOOKUP($D78,'[1]DNC 재고 현황'!$F:$V,14,0),0) -> 297.96635 | AD78: =SUMIFS('[1]입고 예정'!$C:$C,'[1]입고 예정'!$A:$A,모니터링!D78,'[1]입고 예정'!$F:$F,모니터링!AD$6) -> 0 | AF78: =MAX(IFERROR(SUM((AA78-AC78)+AD78),0),0) -> 0 | AG78: =IFERROR(AF78/AH78,0) -> 0 | AH78: =IFERROR(VLOOKUP($D78,'[1]DNC 재고 현황'!$F:$V,15,0),0) -> 143.32119 | AI78: =SUMIFS('[1]입고 예정'!$C:$C,'[1]입고 예정'!$A:$A,모니터링!D78,'[1]입고 예정'!$F:$F,모니터링!AI$6) -> 0 | AK78: =MAX(IFERROR(SUM((AF78-AH78)+AI78),0),0) -> 0 | AL78: =IFERROR(AK78/AM78,0) -> 0 | AM78: =IFERROR(VLOOKUP($D78,'[1]DNC 재고 현황'!$F:$V,16,0),0) -> 165 | AN78: =SUMIFS('[1]입고 예정'!$C:$C,'[1]입고 예정'!$A:$A,모니터링!D78,'[1]입고 예정'!$F:$F,모니터링!AN$6) -> 0 | AP78: =MAX(IFERROR(SUM((AK78-AM78)+AN78),0),0) -> 0 | AQ78: =IFERROR(AP78/AR78,0) -> 0 | AR78: =IFERROR(VLOOKUP($D78,'[1]DNC 재고 현황'!$F:$V,17,0),0) -> 165 | AS78: =SUMIFS('[1]입고 예정'!$C:$C,'[1]입고 예정'!$A:$A,모니터링!D78,'[1]입고 예정'!$F:$F,모니터링!AS$6) -> 0 | AU78: =MAX(IFERROR(AP78-AR78+AS78,0),0) -> 0 | AV78: =IFERROR(AU78/#REF!,0) -> 0
A79: - | B79: 제품 | C79: 소진후 단종 | D79: 9307221 | E79: =VLOOKUP($D79,'[1]SAP 코드내역'!$A:$D,4,0) -> (단종)DWEGF_원데이10ppm_엠티에스2700샷(2ea)_스몰랩 | F79: (주) 스몰랩 | I79: 3831.2958 | J79: 11164.468 | K79: =IFERROR(VLOOKUP($D79,'[1]DNC 재고 현황'!$F:$AI,29,0),0) -> 4734 | L79: =IFERROR(VLOOKUP($D79,'[1]DNC 재고 현황'!$F:$AI,30,),0) -> 0 | M79: =K79+L79 -> 4734 | N79: =VLOOKUP($D79,'[1]DNC 재고 현황'!$F:$X,19,0) -> 4791 | O79: =IFERROR(IF($M79/$V79>1,100%,IF($M79/$V79<0,0%,$M79/$V79)),"계획없음") -> 1 | P79: =$Y79+$AD79+$AI79+$AN79+$AI79 -> 0 | Q79: =IFERROR(W79/$M$2,0) -> 37.285714 | R79: =IFERROR(M79/$Q79,0) -> 126.96552 | S79: =IFERROR(N79/$Q79,0) -> 128.49425 | T79: =IFERROR(TODAY()+(M79/Q79),"") -> 46246.966 | U79: =IF(S79<=1,"🔴판매없음",IF(S79<=40,"🟡주의",IF(S79<=60,"🟢안전","✅충분"))) -> ✅충분 | V79: =IFERROR(SUMIF('[1](전체)FCST'!$D:$D,$D79,'[1](전체)FCST'!$H:$H),0) -> 1228.9464 | W79: =IFERROR(VLOOKUP($D79,'[1]판매량,재고(피벗)'!$B:$C,2,0),0) -> 261 | X79: =IFERROR(W79/$M$2*$O$2,0) -> 820.28571 | AA79: =MAX(SUM(N79-X79+Y79),0) -> 3970.7143 | AB79: =IFERROR(AA79/AC79,0) -> 2.9798204 | AC79: =IFERROR(VLOOKUP($D79,'[1]DNC 재고 현황'!$F:$V,14,0),0) -> 1332.5348 | AD79: =SUMIFS('[1]입고 예정'!$C:$C,'[1]입고 예정'!$A:$A,모니터링!D79,'[1]입고 예정'!$F:$F,모니터링!AD$6) -> 0 | AF79: =MAX(IFERROR(SUM((AA79-AC79)+AD79),0),0) -> 2638.1795 | AG79: =IFERROR(AF79/AH79,0) -> 2.1467002 | AH79: =IFERROR(VLOOKUP($D79,'[1]DNC 재고 현황'!$F:$V,15,0),0) -> 1228.9464 | AI79: =SUMIFS('[1]입고 예정'!$C:$C,'[1]입고 예정'!$A:$A,모니터링!D79,'[1]입고 예정'!$F:$F,모니터링!AI$6) -> 0 | AK79: =MAX(IFERROR(SUM((AF79-AH79)+AI79),0),0) -> 1409.2331 | AL79: =IFERROR(AK79/AM79,0) -> 1.0680508 | AM79: =IFERROR(VLOOKUP($D79,'[1]DNC 재고 현황'!$F:$V,16,0),0) -> 1319.4439 | AN79: =SUMIFS('[1]입고 예정'!$C:$C,'[1]입고 예정'!$A:$A,모니터링!D79,'[1]입고 예정'!$F:$F,모니터링!AN$6) -> 0 | AP79: =MAX(IFERROR(SUM((AK79-AM79)+AN79),0),0) -> 89.789253 | AQ79: =IFERROR(AP79/AR79,0) -> 0.067361616 | AR79: =IFERROR(VLOOKUP($D79,'[1]DNC 재고 현황'!$F:$V,17,0),0) -> 1332.9439 | AS79: =SUMIFS('[1]입고 예정'!$C:$C,'[1]입고 예정'!$A:$A,모니터링!D79,'[1]입고 예정'!$F:$F,모니터링!AS$6) -> 0 | AU79: =MAX(IFERROR(AP79-AR79+AS79,0),0) -> 0 | AV79: =IFERROR(AU79/#REF!,0) -> 0
A80: - | B80: 제품 | C80: 운영 | D80: 9306018 | E80: =VLOOKUP($D80,'[1]SAP 코드내역'!$A:$D,4,0) -> 베리어_리페어크림_30g(판촉몰) | F80: 코스맥스(주) | I80: 3324.4336 | J80: 10507.226 | K80: =IFERROR(VLOOKUP($D80,'[1]DNC 재고 현황'!$F:$AI,29,0),0) -> 0 | L80: =IFERROR(VLOOKUP($D80,'[1]DNC 재고 현황'!$F:$AI,30,),0) -> 0 | M80: =K80+L80 -> 0 | N80: =VLOOKUP($D80,'[1]DNC 재고 현황'!$F:$X,19,0) -> 0 | O80: =IFERROR(IF($M80/$V80>1,100%,IF($M80/$V80<0,0%,$M80/$V80)),"계획없음") -> 계획없음 | P80: =$Y80+$AD80+$AI80+$AN80+$AI80 -> 0 | Q80: =IFERROR(W80/$M$2,0) -> 0 | R80: =IFERROR(M80/$Q80,0) -> 0 | S80: =IFERROR(N80/$Q80,0) -> 0 | T80: =IFERROR(TODAY()+(M80/Q80),"") | U80: =IF(S80<=1,"🔴판매없음",IF(S80<=40,"🟡주의",IF(S80<=60,"🟢안전","✅충분"))) -> 🔴판매없음 | V80: =IFERROR(SUMIF('[1](전체)FCST'!$D:$D,$D80,'[1](전체)FCST'!$H:$H),0) -> 0 | W80: =IFERROR(VLOOKUP($D80,'[1]판매량,재고(피벗)'!$B:$C,2,0),0) -> 0 | X80: =IFERROR(W80/$M$2*$O$2,0) -> 0 | AA80: =MAX(SUM(N80-X80+Y80),0) -> 0 | AB80: =IFERROR(AA80/AC80,0) -> 0 | AC80: =IFERROR(VLOOKUP($D80,'[1]DNC 재고 현황'!$F:$V,14,0),0) -> 900 | AD80: =SUMIFS('[1]입고 예정'!$C:$C,'[1]입고 예정'!$A:$A,모니터링!D397,'[1]입고 예정'!$F:$F,모니터링!AD$6) -> 0 | AF80: =MAX(IFERROR(SUM((AA80-AC80)+AD80),0),0) -> 0 | AG80: =IFERROR(AF80/AH80,0) -> 0 | AH80: =IFERROR(VLOOKUP($D80,'[1]DNC 재고 현황'!$F:$V,15,0),0) -> 0 | AI80: =SUMIFS('[1]입고 예정'!$C:$C,'[1]입고 예정'!$A:$A,모니터링!D397,'[1]입고 예정'!$F:$F,모니터링!AI$6) -> 0 | AK80: =MAX(IFERROR(SUM((AF80-AH80)+AI80),0),0) -> 0 | AL80: =IFERROR(AK80/AM80,0) -> 0 | AM80: =IFERROR(VLOOKUP($D80,'[1]DNC 재고 현황'!$F:$V,16,0),0) -> 0 | AN80: =SUMIFS('[1]입고 예정'!$C:$C,'[1]입고 예정'!$A:$A,모니터링!D397,'[1]입고 예정'!$F:$F,모니터링!AN$6) -> 0 | AP80: =MAX(IFERROR(SUM((AK80-AM80)+AN80),0),0) -> 0 | AQ80: =IFERROR(AP80/AR80,0) -> 0 | AR80: =IFERROR(VLOOKUP($D80,'[1]DNC 재고 현황'!$F:$V,17,0),0) -> 0 | AS80: =SUMIFS('[1]입고 예정'!$C:$C,'[1]입고 예정'!$A:$A,모니터링!D397,'[1]입고 예정'!$F:$F,모니터링!AS$6) -> 0 | AU80: =MAX(IFERROR(AP80-AR80+AS80,0),0) -> 0 | AV80: =IFERROR(AU80/#REF!,0) -> 0
A81: - | B81: 제품 | C81: 운영 | D81: 9001850 | E81: =VLOOKUP($D81,'[1]SAP 코드내역'!$A:$D,4,0) -> 셀리시스_링클솔루션_3종스페셜세트(리뉴얼) | F81: 코스맥스(주) | I81: 17610.26 | J81: 47350.319 | K81: =IFERROR(VLOOKUP($D81,'[1]DNC 재고 현황'!$F:$AI,29,0),0) -> 90 | L81: =IFERROR(VLOOKUP($D81,'[1]DNC 재고 현황'!$F:$AI,30,),0) -> 0 | M81: =K81+L81 -> 90 | N81: =VLOOKUP($D81,'[1]DNC 재고 현황'!$F:$X,19,0) -> 90 | O81: =IFERROR(IF($M81/$V81>1,100%,IF($M81/$V81<0,0%,$M81/$V81)),"계획없음") -> 1 | P81: =$Y81+$AD81+$AI81+$AN81+$AI81 -> 0 | Q81: =IFERROR(W81/$M$2,0) -> 0.28571429 | R81: =IFERROR(M81/$Q81,0) -> 315 | S81: =IFERROR(N81/$Q81,0) -> 315 | T81: =IFERROR(TODAY()+(M81/Q81),"") -> 46435 | U81: =IF(S81<=1,"🔴판매없음",IF(S81<=40,"🟡주의",IF(S81<=60,"🟢안전","✅충분"))) -> ✅충분 | V81: =IFERROR(SUMIF('[1](전체)FCST'!$D:$D,$D81,'[1](전체)FCST'!$H:$H),0) -> 4.9549236 | W81: =IFERROR(VLOOKUP($D81,'[1]판매량,재고(피벗)'!$B:$C,2,0),0) -> 2 | X81: =IFERROR(W81/$M$2*$O$2,0) -> 6.2857143 | AA81: =MAX(SUM(N81-X81+Y81),0) -> 83.714286 | AB81: =IFERROR(AA81/AC81,0) -> 17.0347 | AC81: =IFERROR(VLOOKUP($D81,'[1]DNC 재고 현황'!$F:$V,14,0),0) -> 4.9143386 | AD81: =SUMIFS('[1]입고 예정'!$C:$C,'[1]입고 예정'!$A:$A,모니터링!D81,'[1]입고 예정'!$F:$F,모니터링!AD$6) -> 0 | AF81: =MAX(IFERROR(SUM((AA81-AC81)+AD81),0),0) -> 78.799947 | AG81: =IFERROR(AF81/AH81,0) -> 15.903363 | AH81: =IFERROR(VLOOKUP($D81,'[1]DNC 재고 현황'!$F:$V,15,0),0) -> 4.9549236 | AI81: =SUMIFS('[1]입고 예정'!$C:$C,'[1]입고 예정'!$A:$A,모니터링!D81,'[1]입고 예정'!$F:$F,모니터링!AI$6) -> 0 | AK81: =MAX(IFERROR(SUM((AF81-AH81)+AI81),0),0) -> 73.845024 | AL81: =IFERROR(AK81/AM81,0) -> 0.36922512 | AM81: =IFERROR(VLOOKUP($D81,'[1]DNC 재고 현황'!$F:$V,16,0),0) -> 200 | AN81: =SUMIFS('[1]입고 예정'!$C:$C,'[1]입고 예정'!$A:$A,모니터링!D81,'[1]입고 예정'!$F:$F,모니터링!AN$6) -> 0 | AP81: =MAX(IFERROR(SUM((AK81-AM81)+AN81),0),0) -> 0 | AQ81: =IFERROR(AP81/AR81,0) -> 0 | AR81: =IFERROR(VLOOKUP($D81,'[1]DNC 재고 현황'!$F:$V,17,0),0) -> 200 | AS81: =SUMIFS('[1]입고 예정'!$C:$C,'[1]입고 예정'!$A:$A,모니터링!D81,'[1]입고 예정'!$F:$F,모니터링!AS$6) -> 0 | AU81: =MAX(IFERROR(AP81-AR81+AS81,0),0) -> 0 | AV81: =IFERROR(AU81/#REF!,0) -> 0
A82: 신제품 | B82: 제품 | C82: 운영 | D82: 9311058 | E82: =VLOOKUP($D82,'[1]SAP 코드내역'!$A:$D,4,0) -> 멜라B_토닝딥클렌징오일_200ml | F82: (주)코스메카코리아 | I82: 3699.2901 | J82: 18406.988 | K82: =IFERROR(VLOOKUP($D82,'[1]DNC 재고 현황'!$F:$AI,29,0),0) -> 20959 | L82: =IFERROR(VLOOKUP($D82,'[1]DNC 재고 현황'!$F:$AI,30,),0) -> 29329 | M82: =K82+L82 -> 50288 | N82: =VLOOKUP($D82,'[1]DNC 재고 현황'!$F:$X,19,0) -> 54168 | O82: =IFERROR(IF($M82/$V82>1,100%,IF($M82/$V82<0,0%,$M82/$V82)),"계획없음") -> 1 | P82: =$Y82+$AD82+$AI82+$AN82+$AI82 -> 0 | Q82: =IFERROR(W82/$M$2,0) -> 44.428571 | R82: =IFERROR(M82/$Q82,0) -> 1131.8842 | S82: =IFERROR(N82/$Q82,0) -> 1219.2154 | T82: =IFERROR(TODAY()+(M82/Q82),"") -> 47251.884 | U82: =IF(S82<=1,"🔴판매없음",IF(S82<=40,"🟡주의",IF(S82<=60,"🟢안전","✅충분"))) -> ✅충분 | V82: =IFERROR(SUMIF('[1](전체)FCST'!$D:$D,$D82,'[1](전체)FCST'!$H:$H),0) -> 601.94796 | W82: =IFERROR(VLOOKUP($D82,'[1]판매량,재고(피벗)'!$B:$C,2,0),0) -> 311 | X82: =IFERROR(W82/$M$2*$O$2,0) -> 977.42857 | AA82: =MAX(SUM(N82-X82+Y82),0) -> 53190.571 | AB82: =IFERROR(AA82/AC82,0) -> 39.777756 | AC82: =IFERROR(VLOOKUP($D82,'[1]DNC 재고 현황'!$F:$V,14,0),0) -> 1337.1939 | AD82: =SUMIFS('[1]입고 예정'!$C:$C,'[1]입고 예정'!$A:$A,모니터링!D82,'[1]입고 예정'!$F:$F,모니터링!AD$6) -> 0 | AF82: =MAX(IFERROR(SUM((AA82-AC82)+AD82),0),0) -> 51853.378 | AG82: =IFERROR(AF82/AH82,0) -> 86.142626 | AH82: =IFERROR(VLOOKUP($D82,'[1]DNC 재고 현황'!$F:$V,15,0),0) -> 601.94796 | AI82: =SUMIFS('[1]입고 예정'!$C:$C,'[1]입고 예정'!$A:$A,모니터링!D82,'[1]입고 예정'!$F:$F,모니터링!AI$6) -> 0 | AK82: =MAX(IFERROR(SUM((AF82-AH82)+AI82),0),0) -> 51251.43 | AL82: =IFERROR(AK82/AM82,0) -> 85.405145 | AM82: =IFERROR(VLOOKUP($D82,'[1]DNC 재고 현황'!$F:$V,16,0),0) -> 600.09769 | AN82: =SUMIFS('[1]입고 예정'!$C:$C,'[1]입고 예정'!$A:$A,모니터링!D82,'[1]입고 예정'!$F:$F,모니터링!AN$6) -> 0 | AP82: =MAX(IFERROR(SUM((AK82-AM82)+AN82),0),0) -> 50651.332 | AQ82: =IFERROR(AP82/AR82,0) -> 74.370215 | AR82: =IFERROR(VLOOKUP($D82,'[1]DNC 재고 현황'!$F:$V,17,0),0) -> 681.07013 | AS82: =SUMIFS('[1]입고 예정'!$C:$C,'[1]입고 예정'!$A:$A,모니터링!D82,'[1]입고 예정'!$F:$F,모니터링!AS$6) -> 0 | AU82: =MAX(IFERROR(AP82-AR82+AS82,0),0) -> 49970.262 | AV82: =IFERROR(AU82/#REF!,0) -> 0
